식품명,식품대분류명,에너지(kcal),수분(g),단백질(g),지방(g),회분(g),탄수화물(g),당류(g),칼슘(mg),칼륨(mg),나트륨(mg),콜레스테롤(mg),포화지방산(g),트랜스지방산(g),과당(g),유당(g),자당(g),포도당(g),식품중량,식종
기장밥,밥류,166,59.1,3.44,0.57,0.15,36.77,0.0,4.0,25.0,1,0.0,0.08,0.0,0.0,0.0,0.0,0.0,200g,한식
김밥,밥류,140,69.5,4.84,4.55,1.11,19.98,0.0,36.0,118.0,307,19.3,1.1,0.02,0.0,0.0,0.0,0.0,230g,한식
보리밥,밥류,161,59.9,2.9,0.24,0.24,36.77,2.57,7.0,28.0,4,0.0,0.1,0.0,0.0,0.0,0.0,0.0,200g,한식
볶음밥,밥류,183,56.9,5.56,2.76,0.84,33.97,0.0,13.0,99.0,212,29.28,1.1,0.03,0.0,0.0,0.0,0.0,350g,한식
비빔밥,밥류,142,68.9,6.86,4.32,1.11,18.84,0.05,31.0,180.0,232,42.26,0.95,0.06,0.05,0.0,0.0,0.0,450g,한식
수수밥,밥류,161,60.8,3.16,0.92,0.15,35.02,0.08,4.0,26.0,1,0.0,0.13,0.0,0.0,0.0,0.0,0.08,200g,한식
알밥,밥류,128,72.8,4.73,5.11,1.59,15.75,2.3,43.0,128.0,430,45.98,0.59,0.03,0.55,0.0,0.07,0.56,330g,한식
영양돌솥밥,밥류,184,57.4,3.43,2.87,0.21,36.06,0.63,9.0,36.0,6,0.0,0.61,0.01,0.12,0.0,0.38,0.14,350g,한식
오므라이스,밥류,173,64.3,6.5,7.23,1.42,20.54,3.19,19.0,163.0,433,86.99,1.38,0.02,0.76,0.63,1.08,0.73,400g,한식
자장밥,밥류,122,74.4,4.27,4.72,1.02,15.57,0.03,11.0,137.0,236,5.75,0.58,0.01,0.02,0.0,0.02,0.0,470g,한식
잡곡밥,밥류,146,63.9,5.3,0.87,0.58,29.33,0.32,17.0,157.0,3,0.0,0.22,0.0,0.0,0.0,0.22,0.0,200g,한식
잡채밥,밥류,150,65.8,4.02,3.42,0.95,25.79,0.05,16.0,148.0,227,5.91,0.41,0.05,0.03,0.0,0.03,0.0,550g,한식
짬뽕밥,밥류,72,82.8,3.2,1.4,0.95,11.65,1.34,13.0,138.0,234,15.78,0.23,0.01,0.76,0.0,0.26,0.32,900g,한식
차조밥,밥류,157,61.5,2.84,0.65,0.18,34.86,0.04,4.0,27.0,1,0.0,0.14,0.0,0.0,0.0,0.0,0.04,200g,한식
찰밥,밥류,153,61.4,4.39,0.18,0.48,33.56,0.49,11.0,168.0,3,0.0,0.08,0.0,0.46,0.0,0.0,0.03,280g,한식
카레라이스,밥류,108,73.9,3.11,1.4,0.81,20.74,0.16,12.0,91.0,210,2.79,0.44,0.04,0.02,0.0,0.0,0.14,480g,한식
콩나물밥,밥류,123,70.1,4.68,1.58,1.28,22.39,0.04,16.0,241.0,272,3.14,0.42,0.01,0.04,0.0,0.0,0.0,320g,한식
하이라이스,밥류,112,72.7,4.02,1.13,0.84,21.34,0.0,10.0,77.0,246,2.83,0.13,0.0,0.0,0.0,0.0,0.0,360g,한식
현미밥,밥류,172,57.2,3.1,0.47,0.29,38.9,0.0,5.0,41.0,2,0.0,0.18,0.0,0.0,0.0,0.0,0.0,230g,한식
가래떡,빵 및 과자류,195,51.1,3.92,0.51,0.71,43.73,0.0,5.0,23.0,241,0.0,0.19,0.0,0.0,0.0,0.0,0.0,100g,한식
꿀떡,빵 및 과자류,228,44.2,3.74,1.73,0.88,49.48,0.29,15.0,39.0,275,0.0,0.3,0.0,0.17,0.0,0.05,0.08,100g,한식
모듬찰떡,빵 및 과자류,218,47.4,6.78,2.44,1.07,42.27,2.98,19.0,191.0,188,0.0,0.28,0.0,0.0,0.0,1.13,1.84,100g,한식
백설기,빵 및 과자류,230,43.8,3.71,1.45,0.63,50.4,0.11,6.0,31.0,211,0.0,0.12,0.0,0.0,0.0,0.0,0.11,100g,한식
시루떡,빵 및 과자류,224,45.3,3.77,1.85,0.93,48.13,0.04,14.0,161.0,195,0.0,0.11,0.0,0.0,0.0,0.0,0.04,100g,한식
약식,빵 및 과자류,220,47.2,4.21,2.45,0.9,45.24,13.24,13.0,85.0,221,0.0,0.27,0.0,2.48,0.0,8.58,2.17,100g,한식
인절미,빵 및 과자류,242,41.0,5.64,2.16,1.15,50.07,6.35,16.0,128.0,297,0.0,0.24,0.0,0.04,0.0,6.09,0.21,100g,한식
증편,빵 및 과자류,200,50.7,3.17,1.2,0.82,44.15,3.19,10.0,22.0,284,0.0,0.15,0.0,1.02,0.0,2.17,0.0,100g,한식
마늘빵,빵 및 과자류,438,10.6,12.06,17.58,1.78,57.94,7.36,50.0,178.0,519,26.68,8.66,0.18,0.0,0.0,7.36,0.0,50g,한식
머핀,빵 및 과자류,384,20.0,5.73,13.84,1.32,59.15,39.65,44.0,99.0,411,59.16,6.86,0.15,3.52,0.47,31.71,3.69,130g,한식
모닝빵,빵 및 과자류,314,29.3,9.5,7.43,1.59,52.17,7.97,30.0,115.0,489,40.54,3.03,0.06,1.56,0.0,2.14,4.27,70g,한식
모카빵,빵 및 과자류,339,23.9,8.55,8.05,1.54,57.96,12.53,89.0,173.0,354,52.07,3.76,0.31,3.29,0.0,6.79,2.45,150g,한식
베이글,빵 및 과자류,306,28.5,10.0,5.83,2.18,53.48,4.58,119.0,109.0,695,0.0,0.58,0.01,0.38,0.0,0.0,0.0,120g,한식
소보로빵,빵 및 과자류,392,19.6,8.27,15.13,1.39,55.63,16.69,42.0,120.0,396,50.53,6.39,0.57,1.71,1.57,9.31,1.13,70g,한식
식빵,빵 및 과자류,264,35.2,9.34,2.6,1.97,50.91,1.56,219.0,129.0,468,5.57,1.47,0.11,0.39,0.0,0.04,0.65,100g,한식
초코소라빵,빵 및 과자류,319,32.9,3.29,10.93,1.09,51.76,9.29,67.0,182.0,215,19.61,4.34,0.03,1.77,1.03,3.67,1.19,70g,한식
츄러스,빵 및 과자류,361,22.7,6.6,11.29,1.24,58.17,22.73,24.0,64.0,363,0.0,2.44,0.19,0.04,0.0,21.51,0.07,70g,한식
카스텔라,빵 및 과자류,335,29.9,10.03,11.47,0.56,47.99,33.77,38.0,96.0,63,211.21,1.14,0.01,0.03,0.0,33.37,0.2,70g,한식
크로와상,빵 및 과자류,446,20.6,7.52,26.98,1.55,43.31,6.1,37.0,111.0,457,24.5,9.75,0.27,2.72,0.02,0.67,2.06,150g,한식
페이스트리,빵 및 과자류,466,19.3,8.31,29.66,1.27,41.5,6.43,20.0,102.0,373,36.34,15.31,0.2,1.03,0.0,1.24,4.16,70g,한식
피자빵,빵 및 과자류,298,42.1,8.85,15.05,2.25,31.76,8.11,96.0,164.0,637,45.6,4.92,0.25,3.36,0.0,0.84,2.71,200g,한식
햄버거,빵 및 과자류,264,49.8,12.85,13.98,1.67,21.67,3.13,16.0,203.0,450,45.2,4.42,0.35,1.5,0.0,0.0,1.63,200g,한식
간짜장,면 및 만두류,125,73.3,5.12,4.89,1.52,15.13,0.86,12.0,125.0,455,6.05,0.8,0.03,0.09,0.0,0.0,0.77,500g,한식
떡국,면 및 만두류,84,79.0,3.43,0.53,0.65,16.37,0.08,4.0,51.0,176,16.7,0.24,0.0,0.05,0.0,0.0,0.03,700g,한식
떡만두국,면 및 만두류,111,76.3,3.53,3.91,0.76,15.47,0.01,15.0,91.0,206,11.33,0.57,0.02,0.01,0.0,0.0,0.0,600g,한식
라면,면 및 만두류,82,81.5,1.72,2.28,0.9,13.65,0.0,33.0,57.0,283,0.0,0.82,0.01,0.0,0.0,0.0,0.0,550g,한식
수제비,면 및 만두류,58,85.4,2.31,0.52,0.66,11.08,0.0,9.0,106.0,142,12.85,0.15,0.0,0.0,0.0,0.0,0.0,650g,한식
우동볶음,면 및 만두류,128,69.5,2.8,2.01,0.89,24.79,0.43,7.0,110.0,257,0.0,0.49,0.03,0.05,0.0,0.19,0.07,300g,한식
월남쌈,면 및 만두류,118,76.1,5.94,4.97,0.75,12.25,5.5,19.0,145.0,230,31.58,2.13,0.02,2.06,0.0,0.65,1.59,250g,한식
자장면,면 및 만두류,88,79.8,2.69,2.22,0.96,14.37,6.07,12.0,63.0,307,2.05,0.38,0.01,0.46,0.0,0.0,5.62,600g,한식
짬뽕,면 및 만두류,58,86.7,2.79,1.54,0.72,8.26,1.57,12.0,80.0,181,10.52,0.25,0.01,0.38,0.0,0.17,1.01,800g,한식
쫄면,면 및 만두류,129,70.0,3.21,2.52,0.99,23.26,3.51,23.0,130.0,250,0.0,0.22,0.0,1.37,0.0,0.24,1.89,550g,한식
칼국수,면 및 만두류,77,80.5,3.3,0.49,0.76,14.9,0.0,7.0,87.0,220,17.14,0.2,0.0,0.0,0.0,0.0,0.0,700g,한식
콩국수,면 및 만두류,81,83.3,3.9,3.35,0.5,8.92,0.24,22.0,109.0,67,0.0,0.17,0.0,0.02,0.0,0.0,0.05,800g,한식
닭죽,죽 및 스프류,44,89.2,2.68,0.57,0.44,7.14,0.0,4.0,41.0,117,7.45,0.33,0.01,0.0,0.0,0.0,0.0,400g,한식
오리죽,죽 및 스프류,155,67.1,7.5,4.99,0.42,19.95,0.0,11.0,85.0,62,36.07,1.16,0.02,0.0,0.0,0.0,0.0,400g,한식
전복죽,죽 및 스프류,79,84.4,1.82,3.73,0.46,9.62,0.0,2.0,20.0,158,8.62,0.19,0.0,0.0,0.0,0.0,0.0,400g,한식
채소죽,죽 및 스프류,43,89.1,1.69,0.69,0.86,7.62,0.17,9.0,172.0,224,0.0,0.18,0.0,0.08,0.0,0.09,0.0,400g,한식
팥죽,죽 및 스프류,81,79.3,3.17,0.19,0.69,16.66,0.02,10.0,114.0,127,0.0,0.07,0.0,0.02,0.0,0.0,0.0,400g,한식
호박죽,죽 및 스프류,49,89.0,1.93,1.71,0.76,6.58,3.56,11.0,335.0,42,0.0,0.04,0.0,0.48,0.0,2.57,0.51,400g,한식
흑임자 죽,죽 및 스프류,61,89.9,1.1,4.73,0.6,3.64,0.75,35.0,21.0,159,0.0,0.28,0.09,0.0,0.0,0.75,0.0,400g,한식
갈비탕,국 및 탕류,54,88.2,8.51,2.06,0.79,0.4,0.11,14.0,106.0,199,31.46,0.79,0.06,0.06,0.0,0.04,0.01,670g,한식
감자국,국 및 탕류,21,94.4,0.9,0.26,0.8,3.67,0.85,5.0,122.0,215,0.0,0.03,0.0,0.22,0.0,0.15,0.48,400g,한식
곰탕,국 및 탕류,24,94.9,3.43,1.12,0.43,0.11,0.0,7.0,35.0,124,9.04,0.41,0.05,0.0,0.0,0.0,0.0,600g,한식
김치국,국 및 탕류,23,94.4,1.34,0.76,0.83,2.63,0.03,12.0,105.0,208,4.78,0.19,0.0,0.02,0.0,0.0,0.02,400g,한식
내장탕,국 및 탕류,71,87.2,5.82,4.52,0.78,1.68,0.05,10.0,78.0,216,63.89,1.78,0.01,0.04,0.0,0.02,0.0,600g,한식
달걀국,국 및 탕류,13,97.0,0.93,0.74,0.64,0.69,0.0,5.0,19.0,246,31.11,0.27,0.0,0.0,0.0,0.0,0.0,400g,한식
닭곰탕,국 및 탕류,51,88.2,7.51,1.42,0.88,2.0,0.3,9.0,156.0,170,36.02,0.3,0.0,0.3,0.0,0.0,0.0,650g,한식
도가니탕,국 및 탕류,40,90.0,8.35,0.33,0.48,0.82,0.0,8.0,29.0,150,18.34,0.13,0.01,0.0,0.0,0.0,0.0,500g,한식
미역국,국 및 탕류,12,97.2,0.65,0.61,0.66,0.87,0.27,19.0,81.0,168,0.0,0.05,0.0,0.0,0.0,0.0,0.0,400g,한식
북어국,국 및 탕류,28,93.5,3.89,0.98,0.83,0.84,0.12,15.0,111.0,232,21.61,0.17,0.0,0.07,0.0,0.0,0.05,400g,한식
사골국,국 및 탕류,55,88.9,5.56,2.42,0.32,2.81,0.0,4.0,46.0,75,19.12,0.94,0.08,0.0,0.0,0.0,0.0,400g,한식
삼계탕,국 및 탕류,101,80.0,10.68,4.8,0.66,3.84,0.45,14.0,156.0,82,48.19,1.29,0.03,0.0,0.0,0.23,0.13,900g,한식
새우탕,국 및 탕류,33,91.1,5.17,0.44,1.33,2.0,0.06,30.0,186.0,268,32.73,0.09,0.0,0.0,0.0,0.0,0.06,500g,한식
설렁탕,국 및 탕류,24,94.7,4.26,0.58,0.13,0.36,0.0,7.0,23.0,22,6.97,0.23,0.02,0.0,0.0,0.0,0.0,500g,한식
순대국,국 및 탕류,85,79.9,2.35,1.75,1.09,14.95,0.26,15.0,65.0,330,9.67,0.5,0.01,0.0,0.0,0.0,0.26,600g,한식
어묵국(어묵탕),국 및 탕류,31,92.8,1.49,1.03,0.87,3.83,0.07,19.0,110.0,226,2.45,0.07,0.0,0.07,0.0,0.0,0.0,350g,한식
오징어국,국 및 탕류,18,95.4,2.22,0.73,0.91,0.73,0.24,5.0,82.0,257,31.88,0.08,0.0,0.13,0.0,0.0,0.0,500g,한식
육개장,국 및 탕류,30,93.0,3.68,0.99,0.83,1.49,0.76,17.0,121.0,201,10.86,0.17,0.0,0.43,0.0,0.0,0.33,440g,한식
장어탕,국 및 탕류,67,86.8,4.32,3.91,1.32,3.68,2.66,32.0,146.0,387,33.75,0.63,0.02,1.02,0.0,0.7,0.95,800g,한식
재첩국,국 및 탕류,23,94.0,0.67,0.29,0.47,4.54,0.0,20.0,22.0,126,4.27,0.01,0.0,0.0,0.0,0.0,0.0,350g,한식
조개국,국 및 탕류,16,96.3,1.67,0.89,0.91,0.25,0.18,7.0,43.0,297,4.01,0.05,0.0,0.1,0.0,0.0,0.08,400g,한식
콩나물국,국 및 탕류,6,97.9,0.74,0.09,0.69,0.61,0.16,9.0,37.0,219,0.73,0.03,0.0,0.13,0.0,0.0,0.04,400g,한식
토란국,국 및 탕류,16,95.6,1.0,0.12,0.71,2.61,0.27,8.0,109.0,190,1.12,0.04,0.0,0.12,0.0,0.08,0.07,400g,한식
동태국,국 및 탕류,17,95.2,2.42,0.16,0.84,1.4,0.0,15.0,107.0,224,11.46,0.02,0.0,0.0,0.0,0.0,0.0,400g,한식
갈치찌개,찌개 및 전골류,38,91.0,5.27,1.0,0.75,1.95,0.98,10.0,177.0,91,15.04,0.3,0.0,0.54,0.0,0.08,0.36,250g,한식
감자탕,찌개 및 전골류,71,86.2,6.31,4.06,1.18,2.27,0.0,38.0,98.0,328,38.53,1.16,0.01,0.0,0.0,0.0,0.0,530g,한식
김치전골,찌개 및 전골류,73,85.5,3.12,4.23,1.47,5.68,0.79,21.0,202.0,299,7.43,0.67,0.01,0.49,0.0,0.0,0.31,270g,한식
꽃게탕,찌개 및 전골류,17,95.5,1.86,0.41,0.81,1.44,0.95,23.0,99.0,273,2.61,0.04,0.0,0.45,0.0,0.1,0.4,600g,한식
낙지전골,찌개 및 전골류,51,87.0,6.5,1.14,1.64,3.72,0.0,10.0,165.0,484,51.44,0.33,0.02,0.0,0.0,0.0,0.0,300g,한식
동태찌개,찌개 및 전골류,44,89.6,6.11,1.37,1.24,1.72,0.13,33.0,174.0,273,26.68,0.2,0.01,0.13,0.0,0.0,0.0,200g,한식
돼지고기찌개,찌개 및 전골류,48,88.9,6.25,1.51,1.1,2.26,0.13,16.0,156.0,255,10.95,0.21,0.0,0.05,0.0,0.0,0.08,300g,한식
된장찌개,찌개 및 전골류,46,89.3,3.38,1.63,1.28,4.44,0.0,21.0,151.0,318,0.0,0.27,0.0,0.0,0.0,0.0,0.0,200g,한식
버섯전골,찌개 및 전골류,78,84.6,5.14,4.24,1.18,4.78,1.18,10.0,129.0,146,12.33,0.98,0.11,0.58,0.0,0.13,0.08,300g,한식
부대찌개,찌개 및 전골류,123,76.2,5.86,6.49,1.15,10.27,0.18,20.0,170.0,239,11.05,1.68,0.05,0.04,0.0,0.0,0.0,600g,한식
소고기전골,찌개 및 전골류,63,87.1,7.89,3.24,1.33,0.46,0.05,23.0,176.0,299,16.08,0.69,0.15,0.05,0.0,0.0,0.0,300g,한식
알탕,찌개 및 전골류,39,90.1,6.37,0.74,1.06,1.74,0.0,11.0,164.0,250,80.81,0.16,0.01,0.0,0.0,0.0,0.0,520g,한식
오리백숙,찌개 및 전골류,112,80.6,10.59,7.5,0.8,0.5,0.25,12.0,136.0,161,51.85,1.56,0.05,0.25,0.0,0.0,0.0,300g,한식
오리탕,찌개 및 전골류,121,76.4,9.5,6.56,1.48,6.08,3.58,32.0,297.0,317,38.47,1.33,0.04,1.33,0.0,1.18,0.58,600g,한식
오징어찌개,찌개 및 전골류,34,90.5,3.3,0.22,1.27,4.77,0.45,17.0,197.0,285,26.34,0.05,0.0,0.28,0.0,0.0,0.17,250g,한식
청국장찌개,찌개 및 전골류,47,89.8,5.03,2.11,1.09,1.92,0.0,27.0,157.0,242,2.61,0.45,0.01,0.0,0.0,0.0,0.0,200g,한식
추어탕,찌개 및 전골류,54,89.4,3.24,3.18,1.15,3.07,0.0,135.0,95.0,246,15.84,0.31,0.01,0.0,0.0,0.0,0.0,350g,한식
콩비지찌개,찌개 및 전골류,69,85.2,6.74,3.08,1.4,3.57,3.25,23.0,277.0,289,7.12,0.51,0.01,1.63,0.0,1.07,0.55,400g,한식
가오리찜,찜류,102,75.7,21.99,1.39,0.43,0.46,0.06,8.0,11.0,151,91.28,0.26,0.0,0.06,0.0,0.0,0.0,200g,한식
깻잎찜,찜류,97,79.7,5.21,5.86,3.27,5.96,1.33,260.0,565.0,792,0.0,0.46,0.02,0.62,0.0,0.17,0.55,100g,한식
꼬막찜,찜류,96,76.0,12.03,2.28,2.78,6.97,1.03,73.0,221.0,736,38.3,0.59,0.04,0.14,0.0,0.0,0.83,200g,한식
꽈리고추찜,찜류,104,75.2,3.59,2.09,1.46,17.69,0.44,27.0,239.0,316,0.0,0.37,0.01,0.07,0.0,0.32,0.04,100g,한식
닭찜,찜류,107,80.1,12.37,6.09,0.87,0.6,0.0,12.0,166.0,224,66.22,0.98,0.02,0.0,0.0,0.0,0.0,300g,한식
돼지갈비찜,찜류,194,64.9,13.29,12.32,2.04,7.44,0.13,30.0,332.0,478,50.07,3.68,0.13,0.0,0.0,0.0,0.13,300g,한식
순대,찜류,187,56.2,2.75,3.64,1.72,35.73,1.39,17.0,33.0,604,26.24,1.12,0.02,0.47,0.0,0.49,0.43,220g,한식
아귀찜,찜류,84,81.3,6.72,3.13,1.62,7.26,2.73,26.0,267.0,392,51.39,0.48,0.02,0.91,0.0,1.55,0.27,200g,한식
애호박찜,찜류,181,61.9,9.5,6.48,0.94,21.18,1.81,27.0,144.0,161,12.54,1.44,0.07,0.74,0.0,0.35,0.72,100g,한식
족발,찜류,233,56.2,26.04,13.91,2.96,0.93,0.0,735.0,206.0,345,91.72,4.66,0.06,0.0,0.0,0.0,0.0,250g,한식
코다리찜,찜류,94,75.6,14.49,1.35,2.51,6.08,2.5,73.0,304.0,620,60.96,0.31,0.01,2.16,0.0,0.35,0.0,200g,한식
풋고추찜,찜류,51,85.9,2.31,0.99,2.49,8.27,1.44,25.0,297.0,708,0.0,0.14,0.0,0.76,0.0,0.0,0.68,100g,한식
가자미구이,구이류,123,73.6,18.7,5.02,1.99,0.66,0.0,180.0,309.0,315,84.33,0.82,0.1,0.0,0.0,0.0,0.0,200g,한식
닭구이,구이류,257,49.9,26.21,13.39,2.71,7.8,0.0,28.0,399.0,751,119.18,3.75,0.05,0.0,0.0,0.0,0.0,340g,한식
닭발구이,구이류,196,59.9,18.15,9.41,2.89,9.7,0.31,39.0,146.0,827,81.85,2.58,0.06,0.06,0.0,0.0,0.09,220g,한식
떡갈비,구이류,202,62.4,21.38,11.82,1.93,2.46,0.4,22.0,299.0,404,68.04,4.29,0.42,0.04,0.0,0.0,0.0,200g,한식
런천미트구이,구이류,303,51.4,17.56,24.38,3.41,3.27,1.71,32.0,409.0,954,35.69,9.01,0.16,0.52,0.0,0.86,0.33,160g,한식
뱅어포구이,구이류,374,18.4,34.37,15.17,6.96,25.07,15.91,1038.0,366.0,1479,469.76,3.0,0.11,0.76,0.0,10.57,1.97,70g,한식
버섯구이,구이류,52,86.6,5.16,1.38,2.14,4.78,0.11,2.0,399.0,492,0.0,0.41,0.01,0.11,0.0,0.0,0.0,80g,한식
버섯구이표고버섯,구이류,100,74.3,4.34,1.06,2.13,18.14,1.4,3.0,439.0,435,0.0,0.65,0.04,0.0,0.0,0.0,0.0,80g,한식
삼겹살구이,구이류,467,33.0,22.56,41.69,2.4,0.35,0.0,9.0,370.0,576,39.72,12.42,0.34,0.0,0.0,0.0,0.0,200g,한식
삼치구이,구이류,178,66.2,21.42,9.57,1.39,1.45,0.22,18.0,220.0,217,79.38,2.02,0.07,0.1,0.0,0.12,0.0,200g,한식
새우구이,구이류,145,67.5,23.41,4.44,1.85,2.82,0.03,82.0,319.0,330,233.98,0.74,0.05,0.03,0.0,0.0,0.0,180g,한식
소불고기,구이류,170,67.9,16.41,9.66,1.77,4.26,3.24,19.0,309.0,418,50.02,3.26,0.2,0.58,0.0,1.89,0.77,200g,한식
오리고기구이,구이류,293,48.8,24.06,19.7,2.55,4.89,0.0,8.0,335.0,708,132.33,4.82,0.09,0.0,0.0,0.0,0.0,200g,한식
오리불고기,구이류,145,73.4,6.75,9.05,1.8,9.05,6.29,14.0,302.0,467,31.13,2.04,0.05,1.46,0.0,2.21,1.18,250g,한식
조기구이,구이류,177,65.3,19.33,10.86,4.08,0.44,0.0,121.0,267.0,1364,91.79,3.08,0.12,0.0,0.0,0.0,0.0,180g,한식
치킨데리야끼,구이류,208,58.0,16.54,9.01,1.26,15.21,0.11,16.0,233.0,267,53.29,2.59,0.06,0.11,0.0,0.0,0.0,340g,한식
함박스테이크,구이류,174,69.0,12.1,10.73,1.0,7.19,0.06,14.0,233.0,198,46.73,3.3,0.13,0.03,0.0,0.0,0.02,200g,한식
가지전,전·적 및 부침류,123,76.8,5.48,7.28,1.58,8.88,0.84,33.0,187.0,337,98.48,1.8,0.1,0.0,0.0,0.0,0.21,200g,한식
감자전,전·적 및 부침류,133,73.5,1.72,6.54,1.49,16.79,1.81,9.0,406.0,293,0.0,0.89,0.05,0.57,0.0,0.57,0.68,200g,한식
고구마전,전·적 및 부침류,227,52.2,2.92,7.98,0.88,35.99,14.26,19.0,343.0,87,0.0,1.19,0.06,0.34,0.0,3.7,0.45,140g,한식
김치전,전·적 및 부침류,134,70.4,5.05,4.2,1.29,19.01,4.21,43.0,208.0,240,54.91,0.87,0.04,0.1,0.0,0.0,0.58,150g,한식
달걀말이,전·적 및 부침류,193,66.5,17.21,13.21,1.6,1.45,0.0,55.0,144.0,449,339.85,3.33,0.08,0.0,0.0,0.0,0.0,100g,한식
달걀부침(달걀후라이),전·적 및 부침류,208,64.4,15.73,13.78,0.97,5.15,0.03,52.0,152.0,161,327.72,3.72,0.1,0.0,0.0,0.0,0.03,60g,한식
두부부침,전·적 및 부침류,140,75.4,10.92,9.77,1.87,2.07,0.24,63.0,213.0,429,0.0,1.45,0.03,0.24,0.0,0.0,0.0,100g,한식
맛살전,전·적 및 부침류,165,64.5,7.48,6.24,2.08,19.69,1.14,172.0,46.0,559,64.18,1.21,0.06,0.0,0.0,0.0,0.0,200g,한식
메밀전,전·적 및 부침류,161,59.6,4.02,0.64,0.96,34.79,0.3,16.0,143.0,145,0.0,0.26,0.0,0.0,0.0,0.0,0.16,180g,한식
부추전,전·적 및 부침류,167,62.3,4.63,4.17,1.09,27.86,8.28,21.0,173.0,247,26.17,0.8,0.05,0.49,0.0,0.0,1.04,150g,한식
스크램블드에그,전·적 및 부침류,216,66.6,11.81,17.59,1.39,2.56,0.45,56.0,138.0,369,251.32,3.2,0.07,0.0,0.45,0.0,0.0,110g,한식
애호박전,전·적 및 부침류,122,79.1,4.35,8.62,1.2,6.73,2.32,33.0,213.0,224,75.99,1.33,0.08,0.07,0.0,0.1,0.54,150g,한식
채소전,전·적 및 부침류,145,68.3,3.57,4.5,1.06,22.59,2.06,22.0,173.0,259,19.62,0.89,0.06,0.15,0.0,0.0,0.05,100g,한식
감자볶음,볶음류,100,79.6,1.75,4.84,1.4,12.41,3.37,11.0,311.0,318,0.0,0.63,0.03,0.62,0.0,1.63,1.13,100g,한식
건새우볶음,볶음류,304,28.1,41.55,12.95,12.0,5.4,4.05,3135.0,631.0,1554,387.95,1.75,0.1,0.05,0.0,3.95,0.05,20g,한식
김치볶음,볶음류,106,81.2,1.38,7.94,2.17,7.27,4.45,53.0,316.0,521,4.66,0.87,0.08,1.4,0.14,1.16,1.5,100g,한식
낙지볶음,볶음류,91,79.9,5.77,3.77,1.97,8.6,7.91,29.0,217.0,537,44.76,0.44,0.02,1.46,0.0,2.84,2.1,200g,한식
닭발볶음,볶음류,186,62.3,13.8,9.38,2.8,11.72,6.37,81.0,258.0,974,412.79,2.2,0.1,2.14,0.0,2.04,2.2,200g,한식
닭볶음(닭갈비),볶음류,186,65.5,13.98,10.96,1.6,7.93,0.77,25.0,343.0,338,49.32,1.92,0.07,0.14,0.0,0.01,0.06,300g,한식
당근볶음,볶음류,95,83.6,0.93,6.63,1.01,7.79,4.5,26.0,278.0,216,0.0,1.1,0.01,0.79,0.0,3.0,0.7,90g,한식
돼지고기볶음(제육볶음),볶음류,195,67.0,12.15,14.19,1.96,4.73,0.38,22.0,370.0,501,45.6,4.18,0.06,0.0,0.0,0.38,0.0,250g,한식
떡볶이,볶음류,144,66.3,3.51,2.96,1.26,25.96,4.4,14.0,84.0,391,2.34,0.28,0.01,0.38,0.0,2.87,0.56,180g,한식
라볶이,볶음류,134,71.2,2.83,4.71,1.16,20.14,0.94,51.0,106.0,311,2.52,1.47,0.03,0.11,0.0,0.0,0.6,200g,한식
마늘쫑볶음,볶음류,89,78.8,3.25,2.54,2.22,13.17,5.29,43.0,319.0,562,0.0,0.37,0.01,1.71,0.0,0.59,1.83,140g,한식
마파두부,볶음류,109,79.3,7.29,6.48,1.58,5.36,2.45,29.0,115.0,352,6.79,1.04,0.03,0.31,0.0,1.66,0.33,160g,한식
멸치볶음,볶음류,276,27.5,39.44,7.08,12.4,13.62,11.6,1051.0,598.0,2606,368.7,1.28,0.04,0.12,0.0,7.3,0.0,50g,한식
미역줄기볶음,볶음류,77,86.8,0.96,5.95,1.49,4.85,0.55,63.0,63.0,505,0.0,0.89,0.04,0.06,0.0,0.0,0.06,80g,한식
브로콜리볶음,볶음류,51,87.6,4.42,1.28,1.14,5.53,1.42,26.0,412.0,94,0.0,0.22,0.0,0.73,0.0,0.14,0.54,90g,한식
새우볶음,볶음류,83,80.5,9.91,2.21,1.46,5.96,3.99,31.0,271.0,326,79.67,0.38,0.03,1.67,0.0,0.94,1.38,200g,한식
소시지볶음,볶음류,280,51.7,11.94,19.38,2.59,14.41,5.83,54.0,158.0,887,28.41,5.8,0.09,0.29,0.0,2.47,0.82,200g,한식
애호박 볶음,볶음류,59,88.0,1.32,3.62,1.82,5.3,0.42,34.0,235.0,447,0.0,0.44,0.04,0.2,0.0,0.06,0.02,50g,한식
양파볶음,볶음류,56,86.9,0.99,1.54,1.06,9.51,9.15,18.0,139.0,274,0.0,0.11,0.01,2.26,0.0,4.68,2.23,80g,한식
어묵볶음,볶음류,197,57.6,8.41,7.29,2.37,24.33,6.31,43.0,130.0,818,16.64,1.32,0.05,0.13,0.0,5.77,0.25,140g,한식
오징어볶음,볶음류,128,74.5,9.85,6.52,1.69,7.43,1.93,33.0,278.0,310,109.18,1.0,0.04,0.9,0.0,0.0,0.79,200g,한식
유산슬,볶음류,86,82.9,7.54,4.4,1.09,4.1,2.15,15.0,241.0,211,30.27,0.78,0.03,1.08,0.0,0.09,0.85,220g,한식
잡채,볶음류,146,66.3,4.71,3.3,1.45,24.26,0.73,36.0,201.0,360,22.66,0.55,0.07,0.05,0.0,0.02,0.52,200g,한식
팔보채,볶음류,90,78.0,12.42,2.9,3.23,3.42,2.09,111.0,259.0,856,50.98,0.39,0.02,0.45,0.0,0.72,0.3,220g,한식
풋고추볶음,볶음류,70,85.5,1.93,3.23,1.13,8.25,4.34,18.0,211.0,276,0.0,0.58,0.03,1.67,0.0,1.22,1.45,100g,한식
감자조림,조림류,114,74.1,2.4,3.52,1.9,18.1,7.68,18.0,401.0,487,0.0,0.42,0.02,0.8,0.0,3.44,1.18,50g,한식
고등어조림,조림류,141,73.9,11.25,8.84,1.87,4.1,3.39,49.0,346.0,390,30.05,2.14,0.05,1.0,0.0,0.58,1.45,100g,한식
꽁치조림,조림류,244,59.6,15.52,17.87,1.82,5.14,4.05,78.0,310.0,350,32.81,3.52,2.48,0.51,0.0,3.26,0.28,100g,한식
닭볶음탕,조림류,111,74.7,11.91,3.22,1.65,8.52,0.42,20.0,327.0,376,42.44,1.19,0.03,0.11,0.0,0.04,0.0,300g,한식
닭조림,조림류,197,62.4,18.03,10.9,2.07,6.57,0.5,45.0,376.0,470,70.32,2.73,0.07,0.35,0.0,0.0,0.0,150g,한식
두부조림,조림류,143,75.0,9.64,9.66,1.34,4.4,3.64,53.0,187.0,161,0.0,1.36,0.02,0.58,0.0,0.68,0.56,50g,한식
땅콩조림,조림류,483,21.7,18.75,36.4,3.25,19.95,9.85,88.0,518.0,574,0.0,5.8,0.05,0.25,0.0,5.3,0.45,20g,한식
멸치조림,조림류,318,22.8,40.92,13.22,14.14,8.93,7.35,1578.0,743.0,3163,384.78,2.27,0.09,0.0,0.0,7.21,0.14,100g,한식
무조림,조림류,48,88.2,2.26,2.38,2.91,4.29,3.87,22.0,446.0,779,0.64,0.35,0.04,2.51,0.0,0.09,1.27,150g,한식
미트볼조림,조림류,221,56.5,18.15,10.73,1.71,12.95,10.52,24.0,405.0,315,29.48,2.12,0.08,1.25,0.0,5.07,1.16,150g,한식
버섯조림,조림류,60,85.8,4.38,2.0,1.59,6.23,1.95,10.0,308.0,302,0.0,1.47,0.06,0.09,0.0,0.0,0.0,150g,한식
병어조림,조림류,112,74.9,12.46,4.78,2.99,4.87,0.22,61.0,255.0,842,40.81,2.07,0.12,0.22,0.0,0.0,0.0,100g,한식
삼치조림,조림류,125,73.7,15.88,5.63,2.18,2.61,2.03,52.0,427.0,441,51.41,1.64,0.04,0.72,0.0,0.63,0.66,100g,한식
양미리조림,조림류,65,81.7,5.76,0.66,2.85,9.09,2.2,129.0,324.0,711,49.59,0.29,0.01,0.57,0.0,0.38,1.19,100g,한식
어묵조림,조림류,159,64.5,5.83,4.73,1.81,23.16,2.43,40.0,174.0,428,7.84,0.81,0.05,0.88,0.0,0.51,1.04,200g,한식
연근조림,조림류,174,60.3,2.68,5.1,2.52,29.42,2.78,33.0,258.0,661,0.0,0.64,0.02,0.06,0.0,1.32,0.06,50g,한식
오징어조림,조림류,137,63.9,16.55,2.37,4.75,12.45,6.85,27.0,275.0,1469,172.74,0.63,0.01,0.0,0.0,5.69,0.67,150g,한식
오징어채조림,조림류,240,42.7,23.52,4.9,3.48,25.36,13.78,47.0,143.0,1130,236.72,0.82,0.02,0.0,0.0,0.0,8.56,50g,한식
우엉조림,조림류,188,53.0,4.8,3.33,4.07,34.8,28.43,75.0,388.0,1174,0.0,0.53,0.07,2.43,0.0,19.1,1.03,30g,한식
쥐포조림,조림류,276,38.0,13.03,8.86,4.03,36.12,23.37,198.0,215.0,1265,50.56,1.3,0.04,0.71,0.0,20.09,0.37,100g,한식
코다리조림,조림류,86,76.9,16.46,0.4,2.08,4.16,3.67,73.0,353.0,466,66.8,0.17,0.02,0.79,0.0,0.19,0.68,100g,한식
콩조림(콩자반),조림류,281,35.3,17.97,7.73,4.1,34.83,3.53,91.0,602.0,868,0.0,0.67,0.0,0.07,0.0,2.07,0.07,30g,한식
감자튀김,튀김류,312,41.2,4.55,17.01,2.11,35.15,0.37,13.0,657.0,78,0.0,3.29,0.07,0.08,0.0,0.17,0.09,150g,한식
김튀김,튀김류,522,2.4,11.0,28.9,3.34,54.36,0.14,51.0,577.0,606,0.0,5.36,0.2,0.0,0.0,0.0,0.14,50g,한식
다시마튀각,튀김류,462,5.1,8.44,26.52,12.58,47.32,17.24,526.0,3798.0,1305,0.0,4.08,0.32,0.0,0.0,17.24,0.0,50g,한식
떡강정,튀김류,249,42.3,3.79,4.72,1.33,47.89,5.34,10.0,91.0,446,0.0,0.96,0.05,0.29,0.0,2.92,0.31,200g,한식
미역튀각,튀김류,443,6.2,13.24,33.9,25.5,21.14,11.36,616.0,282.0,5223,0.0,5.42,0.48,0.0,0.0,11.36,0.0,50g,한식
가지나물,나물·숙채류,36,91.8,1.42,1.5,1.12,4.18,2.34,23.0,222.0,274,0.0,0.22,0.0,1.12,0.0,0.16,1.04,50g,한식
고구마줄기나물,나물·숙채류,83,86.5,0.98,7.0,1.44,4.1,0.0,111.0,122.0,179,0.0,1.16,0.16,0.0,0.0,0.0,0.0,50g,한식
고사리나물무침,나물·숙채류,90,82.9,3.78,5.52,1.5,6.28,0.5,70.0,90.0,441,0.0,0.7,0.02,0.18,0.0,0.0,0.34,50g,한식
고춧잎나물무침,나물·숙채류,88,80.4,4.41,4.69,3.31,7.14,1.51,204.0,397.0,797,0.0,0.74,0.09,0.47,0.0,0.0,0.94,90g,한식
깻잎나물,나물·숙채류,78,85.2,2.68,5.18,1.92,5.04,2.04,93.0,522.0,362,0.0,0.64,0.1,0.18,0.0,1.68,0.2,50g,한식
냉이나물,나물·숙채류,111,73.5,5.02,3.07,2.68,15.7,10.45,136.0,298.0,718,0.0,0.48,0.03,3.07,0.0,3.12,3.48,60g,한식
도라지나물무침,나물·숙채류,130,75.4,2.48,7.52,1.48,13.12,0.9,48.0,135.0,411,0.0,1.0,0.04,0.38,0.0,0.34,0.18,50g,한식
머위대나물무침,나물·숙채류,58,86.7,3.96,2.56,2.0,4.76,0.34,238.0,191.0,363,25.22,0.32,0.02,0.34,0.0,0.0,0.0,50g,한식
무나물무침,나물·숙채류,21,93.9,0.62,0.46,1.34,3.64,3.3,25.0,188.0,352,0.0,0.04,0.0,1.8,0.0,0.0,1.5,50g,한식
방풍나물무침,나물·숙채류,76,81.1,4.39,1.73,2.08,10.74,2.91,178.0,456.0,267,0.0,0.23,0.0,0.79,0.0,1.28,0.85,80g,한식
배추나물,나물·숙채류,61,86.1,2.01,2.19,1.25,8.45,6.24,38.0,246.0,276,0.0,0.29,0.03,1.63,0.0,2.41,1.96,80g,한식
비름나물무침,나물·숙채류,73,84.8,3.46,4.05,2.04,5.7,0.86,195.0,339.0,335,0.0,0.63,0.1,0.14,0.0,0.0,0.73,80g,한식
숙주나물,나물·숙채류,35,91.9,2.22,1.58,1.3,2.96,1.58,15.0,80.0,403,0.0,0.12,0.0,0.88,0.0,0.0,0.7,50g,한식
시금치나물,나물·숙채류,69,86.2,3.74,4.46,2.2,3.36,0.1,86.0,627.0,136,0.0,0.4,0.12,0.0,0.0,0.0,0.0,50g,한식
시래기나물무침,나물·숙채류,114,78.7,4.32,7.28,1.96,7.74,0.54,186.0,75.0,514,0.0,0.9,0.02,0.42,0.0,0.0,0.12,50g,한식
씀바귀나물무침,나물·숙채류,97,76.6,3.87,1.73,1.24,16.57,1.28,46.0,245.0,204,0.0,0.36,0.08,0.43,0.0,0.29,0.56,90g,한식
열무나물,나물·숙채류,82,83.7,3.91,5.3,2.37,4.76,0.6,138.0,479.0,460,0.0,0.66,0.18,0.26,0.0,0.18,0.17,90g,한식
유채나물,나물·숙채류,96,77.5,5.8,4.6,4.29,7.82,1.98,161.0,453.0,1279,0.0,0.59,0.04,1.0,0.0,0.29,0.69,90g,한식
참나물,나물·숙채류,60,88.5,2.51,3.69,1.14,4.14,0.67,88.0,153.0,218,0.0,0.58,0.01,0.23,0.0,0.11,0.32,90g,한식
콩나물무침,나물·숙채류,69,86.9,3.86,4.54,1.48,3.2,0.5,52.0,129.0,387,0.0,0.48,0.0,0.42,0.0,0.0,0.1,50g,한식
토란대나물무침,나물·숙채류,68,85.6,5.14,3.38,1.61,4.22,0.39,304.0,104.0,222,24.41,0.46,0.02,0.12,0.0,0.06,0.2,90g,한식
호박오가리나물무침,나물·숙채류,201,56.3,6.14,10.01,6.1,21.46,6.82,69.0,600.0,1849,0.0,1.65,0.13,3.54,0.0,0.83,2.45,100g,한식
가죽나물무침,생채·무침류,76,80.9,5.83,1.35,1.85,10.05,3.81,69.0,448.0,276,0.0,0.19,0.01,0.98,0.0,0.0,2.09,80g,한식
굴무침,생채·무침류,77,82.4,6.68,2.31,1.3,7.3,2.74,34.0,232.0,204,28.38,0.61,0.03,1.19,0.0,0.0,0.98,80g,한식
김무침,생채·무침류,259,41.6,21.17,10.73,7.1,19.33,5.73,241.0,1287.0,1011,0.0,1.53,0.07,0.27,0.0,5.0,0.43,30g,한식
낙지무침,생채·무침류,77,81.2,12.41,1.24,1.18,3.96,0.14,25.0,135.0,340,136.42,0.17,0.0,0.03,0.0,0.0,0.11,180g,한식
다시마무침,생채·무침류,48,82.0,2.57,1.18,7.42,6.8,0.0,90.0,183.0,2759,13.03,0.28,0.0,0.0,0.0,0.0,0.0,90g,한식
달래무침,생채·무침류,63,85.8,2.92,3.02,2.23,6.07,3.83,56.0,269.0,567,0.0,0.4,0.02,1.4,0.0,0.98,1.45,60g,한식
도라지생채,생채·무침류,77,80.1,2.06,0.51,1.13,16.15,5.25,35.0,162.0,283,0.0,0.13,0.0,0.64,0.0,4.17,0.44,160g,한식
마늘쫑무침,생채·무침류,106,78.1,2.73,4.93,1.53,12.77,7.47,44.0,241.0,313,0.0,0.63,0.03,2.27,0.0,3.37,1.83,30g,한식
무말랭이무침,생채·무침류,121,69.1,4.2,1.55,2.7,22.5,4.1,276.0,405.0,450,1.95,1.25,0.05,0.9,0.0,0.15,0.5,20g,한식
무생채,생채·무침류,49,85.9,2.43,1.11,3.24,7.33,1.78,102.0,259.0,821,8.09,0.16,0.02,0.47,0.0,0.05,1.13,150g,한식
미나리무침,생채·무침류,46,88.3,1.31,2.13,2.8,5.41,2.24,41.0,321.0,765,0.0,0.3,0.01,1.4,0.0,0.0,0.86,90g,한식
미역초무침,생채·무침류,35,90.8,1.18,1.02,1.74,5.24,1.3,79.0,170.0,452,0.0,0.16,0.0,0.6,0.0,0.1,0.36,50g,한식
민들레잎무침,생채·무침류,81,81.0,2.69,2.33,1.68,12.32,8.16,76.0,380.0,248,0.0,0.21,0.01,4.3,0.0,0.36,3.51,90g,한식
부추무침,생채·무침류,92,81.5,3.5,5.92,2.87,6.25,3.06,68.0,492.0,666,14.73,0.79,0.02,1.75,0.0,0.11,1.21,100g,한식
북어채무침,생채·무침류,188,53.0,28.4,2.91,3.65,12.05,5.59,144.0,652.0,756,110.75,0.51,0.02,1.03,0.0,2.03,1.85,150g,한식
양장피,생채·무침류,133,73.3,7.3,6.63,1.85,10.95,0.44,62.0,174.0,496,65.89,1.21,0.03,0.44,0.0,0.0,0.0,220g,한식
오이생채,생채·무침류,69,84.7,1.78,2.9,1.62,8.96,8.04,31.0,254.0,474,0.0,0.14,0.0,2.86,0.0,0.0,4.04,50g,한식
오이지무침,생채·무침류,52,87.0,0.96,3.51,4.31,4.21,2.78,55.0,100.0,1615,0.0,0.41,0.01,1.4,0.0,0.0,1.38,100g,한식
오징어채무침,생채·무침류,258,37.4,23.6,5.53,5.05,28.41,18.71,35.0,156.0,1803,227.73,0.99,0.03,2.13,0.0,0.0,9.94,80g,한식
톳나물무침,생채·무침류,75,81.1,1.87,2.09,2.7,12.28,6.94,91.0,494.0,600,0.0,0.3,0.01,0.19,0.0,5.03,0.69,90g,한식
파래무침,생채·무침류,49,86.4,3.53,1.7,3.37,4.97,1.73,50.0,509.0,736,2.17,0.2,0.03,1.1,0.0,0.0,0.63,30g,한식
파무침,생채·무침류,71,84.1,2.25,2.81,1.75,9.08,8.02,47.0,255.0,424,6.25,0.31,0.01,4.01,0.0,0.33,3.67,150g,한식
풋마늘무침,생채·무침류,71,81.4,4.14,1.04,2.14,11.27,5.95,34.0,444.0,477,0.0,0.11,0.01,1.6,0.0,2.45,1.61,100g,한식
피조개무침,생채·무침류,52,87.0,4.71,0.95,1.3,6.07,3.72,36.0,221.0,223,14.87,0.18,0.01,1.4,0.0,0.0,1.85,100g,한식
해초무침,생채·무침류,39,87.9,0.95,0.16,2.45,8.52,3.95,54.0,39.0,862,0.0,0.06,0.0,0.0,0.0,3.95,0.0,100g,한식
회무침,생채·무침류,82,80.2,8.09,1.65,1.49,8.6,4.53,64.0,348.0,275,26.4,0.52,0.03,1.14,0.0,0.27,2.01,250g,한식
돌나물무침,생채·무침류,69,85.3,1.66,3.18,1.52,8.3,5.26,125.0,149.0,360,0.0,0.5,0.06,0.94,0.0,1.38,1.3,50g,한식
고들빼기김치,김치류,71,81.8,3.0,1.38,2.34,11.52,4.4,69.0,257.0,605,3.9,0.14,0.0,1.82,0.0,0.0,2.58,50g,한식
깍두기,김치류,33,90.5,1.56,1.06,2.6,4.24,2.54,45.0,283.0,808,3.06,0.04,0.0,1.24,0.0,0.0,1.08,50g,한식
깻잎김치,김치류,62,83.3,2.82,1.72,3.26,8.92,4.04,72.0,384.0,924,0.0,0.08,0.0,1.46,0.0,1.32,1.26,50g,한식
나박김치,김치류,10,96.8,0.46,0.38,1.23,1.15,0.34,8.0,89.0,377,0.0,0.02,0.0,0.18,0.0,0.02,0.15,100g,한식
동치미,김치류,14,95.9,0.29,0.37,1.15,2.28,1.45,7.0,87.0,412,0.0,0.01,0.0,0.53,0.0,0.3,0.63,200g,한식
보쌈김치,김치류,30,91.0,2.19,0.72,2.36,3.73,1.69,38.0,261.0,661,5.98,0.04,0.0,0.77,0.0,0.0,0.9,90g,한식
부추김치,김치류,47,86.9,2.68,1.16,2.88,6.36,4.08,37.0,435.0,761,0.0,0.1,0.0,1.5,0.0,1.58,1.0,50g,한식
얼갈이배추김치,김치류,63,84.8,1.59,1.45,1.23,10.94,0.38,57.0,189.0,246,0.0,0.05,0.0,0.14,0.0,0.0,0.23,80g,한식
오이김치,김치류,38,89.5,2.06,0.8,2.03,5.64,2.37,35.0,373.0,466,0.0,0.11,0.0,1.37,0.0,0.0,1.0,70g,한식
가자미식해,젓갈류,134,69.3,11.09,4.81,3.16,11.64,3.71,296.0,253.0,685,73.81,0.7,0.03,1.28,0.0,0.0,1.92,250g,한식
단무지,장아찌·절임류,13,95.6,0.33,0.2,1.53,2.4,0.47,11.0,49.0,552,0.0,0.03,0.0,0.17,0.0,0.0,0.27,30g,한식
더덕장아찌,장아찌·절임류,141,62.0,4.47,0.89,3.77,28.9,15.38,38.0,320.0,1167,0.0,0.23,0.0,2.11,0.0,3.2,6.11,90g,한식
무짠지,장아찌·절임류,11,91.0,0.54,0.12,6.34,1.98,1.58,19.0,137.0,2382,0.0,0.02,0.0,1.28,0.0,0.0,0.3,50g,한식
무초절임(치킨무),장아찌·절임류,17,95.4,0.52,0.3,0.71,3.05,1.75,17.0,94.0,189,0.0,0.02,0.0,0.78,0.0,0.0,0.97,130g,한식
오이장아찌,장아찌·절임류,14,94.8,0.36,0.28,2.02,2.54,1.04,21.0,18.0,740,0.0,0.04,0.0,0.78,0.0,0.0,0.26,50g,한식
오이지,장아찌·절임류,21,90.1,0.74,0.72,5.62,2.84,0.0,22.0,163.0,2050,0.0,0.04,0.0,0.0,0.0,0.0,0.0,50g,한식
미숫가루,음료 및 차류,70,84.8,2.08,2.27,0.4,10.42,0.0,27.0,105.0,24,0.0,0.36,0.0,0.0,0.0,0.0,0.0,300g,한식
육회,수·조·어·육류,130,73.9,9.93,6.43,1.63,8.12,5.29,12.0,236.0,418,28.09,2.11,0.08,1.23,0.0,2.55,1.51,150g,한식
계란 덮밥,밥류,143,66.9,4.31,2.82,0.84,25.14,3.07,17.0,74.0,223,45.54,0.61,0.01,,,,,100g,한식
곤드레나물밥,밥류,149,65.8,2.94,2.71,0.29,28.26,0.0,42.0,31.0,26,0.0,0.26,0.0,0.0,0.0,0.0,0.0,350g,한식
국밥,밥류,52,87.4,3.45,1.03,0.83,7.33,0.05,25.0,64.0,288,5.98,0.34,0.03,0.05,0.0,0.0,0.0,800g,한식
귀리밥,밥류,162,60.4,3.9,0.87,0.24,34.54,0.09,11.0,47.0,0,0.0,0.16,0.0,,,,,100g,한식
묵밥,밥류,68,83.3,1.56,0.81,0.76,13.54,1.59,11.0,60.0,218,4.49,0.16,0.0,0.05,0.0,0.0,0.0,950g,한식
새우튀김롤,밥류,202,55.5,4.82,6.06,1.56,32.09,3.71,54.0,77.0,464,18.62,1.14,0.04,1.56,0.0,0.39,1.04,300g,한식
쌀밥,밥류,166,58.9,3.36,0.32,0.11,37.33,0.02,6.0,26.0,0,0.0,0.1,0.0,,,,,100g,한식
연어롤,밥류,170,62.5,6.19,5.13,1.44,24.77,2.82,45.0,110.0,404,20.66,0.94,0.03,1.22,0.0,0.11,0.79,300g,한식
연잎밥,밥류,207,48.1,4.0,0.3,0.6,47.0,,14.0,98.0,178,,0.0,0.0,,,,,100g,한식
오곡밥,밥류,156,61.3,4.78,0.52,0.47,32.93,0.07,11.0,113.0,46,0.0,0.17,0.0,0.07,0.0,0.0,0.0,250g,한식
잡탕밥,밥류,104,76.5,5.88,2.68,0.94,13.99,0.06,24.0,69.0,281,43.98,0.54,0.02,0.05,0.0,0.0,0.01,750g,한식
충무김밥,밥류,146,64.0,5.86,1.49,1.38,27.29,4.3,19.0,165.0,324,39.21,0.27,0.01,0.22,0.0,0.07,0.15,400g,한식
캘리포니아롤,밥류,163,61.6,4.11,3.02,1.49,29.74,2.97,49.0,76.0,432,21.99,0.71,0.02,1.64,0.0,0.05,0.96,300g,한식
회덮밥,밥류,137,69.2,6.04,3.31,0.8,20.66,2.19,24.0,163.0,149,17.73,0.58,0.02,0.08,0.0,0.03,0.63,500g,한식
개피떡(바람떡),빵 및 과자류,206,48.7,5.32,0.81,0.92,44.3,7.62,14.0,66.0,286,0.0,0.26,0.01,,,,,100g,한식
기피편,빵 및 과자류,220,44.2,5.45,0.25,1.13,48.99,2.08,12.0,131.0,281,0.0,0.13,0.0,1.21,0.0,0.85,0.0,100g,한식
무지개떡,빵 및 과자류,229,42.4,3.53,0.31,0.8,53.01,8.99,10.0,32.0,277,0.0,0.16,0.0,0.29,0.0,7.96,0.7,100g,한식
빙떡(메밀전병),빵 및 과자류,168,64.6,6.18,6.29,1.34,21.62,0.62,36.0,159.0,346,8.05,1.19,0.04,0.41,0.0,0.0,0.0,100g,한식
수수경단,빵 및 과자류,218,46.2,8.2,1.4,1.1,43.1,,14.0,1182.0,238,,0.0,0.0,,,,,100g,한식
수수부꾸미,빵 및 과자류,248,44.5,5.73,6.29,1.36,42.1,0.24,17.0,191.0,261,0.0,0.97,0.03,0.24,0.0,0.0,0.0,100g,한식
수수팥떡,빵 및 과자류,204,48.3,6.7,0.59,1.34,43.03,2.82,21.0,249.0,242,0.0,0.16,0.0,2.23,0.0,0.59,0.0,100g,한식
쑥떡,빵 및 과자류,249,37.5,3.36,0.4,0.84,57.89,10.72,17.0,75.0,254,0.0,0.2,0.0,0.39,0.0,5.13,0.28,100g,한식
절편,빵 및 과자류,197,51.0,3.82,0.8,0.81,43.58,0.08,16.0,29.0,258,0.0,0.25,0.0,,,,,100g,한식
찰시루떡,빵 및 과자류,181,54.2,6.63,0.41,1.13,37.63,1.22,21.0,265.0,182,0.0,0.13,0.0,,,,,100g,한식
찹쌀떡,빵 및 과자류,277,29.8,3.26,0.15,0.78,65.61,17.54,12.0,53.0,226,0.0,0.15,0.0,0.27,0.0,12.84,0.6,100g,한식
다쿠아즈,빵 및 과자류,447,20.4,8.33,26.65,1.24,43.39,38.13,38.0,291.0,51,39.99,12.93,0.23,,,,,100g,한식
마카롱,빵 및 과자류,480,16.6,6.92,30.11,1.11,45.23,41.94,112.0,265.0,47,26.1,14.96,0.26,,,,,100g,한식
버터크림빵,빵 및 과자류,383,26.1,8.18,18.41,1.11,46.23,11.99,40.0,113.0,319,29.69,14.06,0.46,2.92,0.7,4.85,1.93,60g,한식
프레즐,빵 및 과자류,312,28.1,8.37,6.45,1.99,55.14,7.94,66.0,125.0,215,19.78,4.25,0.11,,,,,100g,한식
핫도그,빵 및 과자류,341,41.9,7.98,23.23,1.96,24.95,3.95,29.0,58.0,398,12.64,3.44,0.05,,,,,100g,한식
매작과,빵 및 과자류,413,12.6,7.51,13.15,0.63,66.11,16.42,33.0,107.0,99,33.42,2.35,0.1,1.6,0.0,7.3,2.2,30g,한식
산자,빵 및 과자류,366,12.2,2.31,3.09,0.24,82.17,31.35,6.0,41.0,23,0.0,0.09,0.0,0.3,0.0,0.73,1.1,30g,한식
약과,빵 및 과자류,399,5.9,4.2,4.75,0.31,84.89,16.89,12.0,73.0,57,0.0,1.22,0.04,0.23,0.0,1.93,0.53,30g,한식
유과,빵 및 과자류,424,9.7,2.81,12.83,0.38,74.23,24.15,58.0,35.0,23,0.0,1.37,0.04,0.37,0.0,1.23,2.1,30g,한식
기스면,면 및 만두류,61,85.3,3.78,1.07,0.85,8.98,0.05,34.0,46.0,276,41.65,0.21,0.0,0.0,0.0,0.0,0.0,1000g,한식
만두국,면 및 만두류,62,86.4,3.06,2.49,1.2,6.83,0.44,18.0,73.0,338,13.5,0.61,0.01,0.27,0.0,0.0,0.08,700g,한식
분짜,면 및 만두류,136,70.4,5.91,3.66,0.33,19.75,5.47,12.0,106.0,398,17.97,1.15,0.01,,,,,100g,한식
비빔국수,면 및 만두류,113,73.3,3.4,2.1,1.2,20.0,,21.0,101.0,337,,0.0,0.0,,,,,100g,한식
쌀국수,면 및 만두류,53,86.7,2.6,0.7,0.8,9.18,0.72,7.0,42.0,275,5.6,0.23,0.02,0.28,0.0,0.1,0.13,600g,한식
올갱이국수,면 및 만두류,38,90.5,0.75,0.55,0.73,7.44,1.24,16.0,53.0,258,0.0,0.1,0.0,0.09,0.0,0.0,0.09,1500g,한식
울면,면 및 만두류,73,81.8,3.75,0.74,0.89,12.82,0.05,29.0,55.0,280,44.58,0.18,0.0,0.05,0.0,0.01,0.0,1000g,한식
팟타이,면 및 만두류,146,70.4,3.98,6.2,0.91,18.54,5.41,55.0,102.0,270,39.68,0.96,0.03,,,,,100g,한식
게살죽,죽 및 스프류,71,82.8,2.24,0.89,0.61,13.42,0.02,13.0,43.0,182,6.27,0.26,0.01,0.02,0.0,0.0,0.0,800g,한식
깨죽,죽 및 스프류,64,85.8,1.71,1.99,0.62,9.91,0.45,50.0,28.0,145,0.0,0.35,0.0,0.01,0.0,0.44,0.0,800g,한식
미음,죽 및 스프류,19,95.0,0.3,0.0,0.0,4.7,0.0,0.0,4.0,0,0.0,0.0,0.0,,,,,100g,한식
백합죽,죽 및 스프류,65,84.2,2.36,0.8,0.5,12.1,0.0,16.0,42.0,142,4.59,0.19,0.0,0.0,0.0,0.0,0.0,700g,한식
소고기버섯죽,죽 및 스프류,72,82.5,2.34,0.93,0.55,13.63,0.03,7.0,52.0,158,3.26,0.34,0.02,0.03,0.0,0.0,0.0,800g,한식
쌀죽(흰죽),죽 및 스프류,53,87.4,0.99,0.15,0.04,11.45,0.0,0.0,6.0,0,0.0,0.05,0.0,,,,,100g,한식
어죽,죽 및 스프류,69,83.1,2.55,0.94,0.86,12.6,1.23,24.0,86.0,263,4.43,0.21,0.0,0.15,0.0,0.1,0.4,800g,한식
율무죽,죽 및 스프류,77,81.8,3.26,0.98,0.22,13.75,0.1,3.0,58.0,1,0.0,0.15,0.0,,,,,100g,한식
잣죽,죽 및 스프류,125,71.8,2.74,2.8,0.45,22.18,0.34,5.0,44.0,126,0.0,0.28,0.03,0.04,0.0,0.3,0.0,700g,한식
참깨죽,죽 및 스프류,38,91.6,1.0,1.2,0.3,5.9,,17.0,23.0,120,,0.0,0.0,,,,,100g,한식
참치죽,죽 및 스프류,82,81.3,3.02,2.01,0.6,13.07,0.17,10.0,71.0,168,5.0,0.23,0.01,0.14,0.0,0.01,0.03,800g,한식
현미죽,죽 및 스프류,64,83.0,1.2,0.4,0.2,15.2,0.4,3.0,41.0,1,0.0,0.09,0.0,,,,,100g,한식
게국지,국 및 탕류,38,90.4,4.08,1.1,1.5,2.88,0.98,120.0,144.0,368,35.29,0.18,0.02,0.37,0.0,0.12,0.45,1100g,한식
곰치국,국 및 탕류,42,89.5,5.43,1.18,1.5,2.39,0.28,71.0,135.0,380,47.65,0.14,0.01,0.18,0.0,0.0,0.09,1000g,한식
낙지탕,국 및 탕류,31,91.8,4.9,0.53,1.07,1.73,0.32,18.0,107.0,284,48.74,0.07,0.0,0.22,0.0,0.03,0.07,600g,한식
매생이국,국 및 탕류,24,93.8,2.0,0.56,0.98,2.68,0.08,25.0,66.0,284,1.32,0.12,0.02,0.0,0.0,0.02,0.0,500g,한식
미소된장국,국 및 탕류,25,94.1,1.87,1.2,1.0,1.87,0.47,18.0,59.0,345,0.0,0.13,0.0,0.07,0.0,0.07,0.33,150g,한식
소탕,국 및 탕류,58,89.0,5.1,3.57,1.1,1.27,0.02,55.0,105.0,236,0.0,0.39,0.01,0.02,0.0,0.0,0.0,150g,한식
아구탕,국 및 탕류,41,89.5,6.3,0.82,1.25,2.13,0.3,50.0,146.0,311,53.16,0.13,0.0,0.22,0.0,0.07,0.03,600g,한식
어탕,국 및 탕류,57,86.9,8.47,2.06,1.39,1.21,0.0,53.0,109.0,323,35.04,0.29,0.01,0.0,0.0,0.0,0.0,150g,한식
연포탕,국 및 탕류,54,86.5,9.49,0.9,1.11,2.02,0.02,55.0,103.0,234,105.75,0.18,0.01,0.02,0.0,0.0,0.0,1000g,한식
오이냉국,국 및 탕류,19,94.4,0.5,0.09,1.1,3.92,3.48,16.0,68.0,328,0.17,0.02,0.0,,,,,100g,한식
올갱이국,국 및 탕류,24,93.4,2.28,0.7,1.48,2.17,0.27,65.0,100.0,336,14.23,0.13,0.0,0.12,0.0,0.0,0.15,600g,한식
전복탕,국 및 탕류,33,91.3,4.47,0.5,1.08,2.63,0.22,27.0,109.0,296,48.56,0.1,0.0,0.13,0.0,0.0,0.08,600g,한식
초당순두부,국 및 탕류,58,88.8,5.46,3.24,0.77,1.76,0.1,37.0,116.0,134,0.0,0.42,0.0,0.1,0.0,0.0,0.0,900g,한식
황태해장국,국 및 탕류,30,93.0,4.08,1.13,0.88,0.95,0.25,27.0,84.0,256,25.05,0.18,0.0,0.15,0.0,0.02,0.08,600g,한식
무국물,국 및 탕류,3,99.2,0.16,0.0,0.08,0.55,0.36,2.0,16.0,2,0.0,0.0,0.0,,,,,,한식
고등어찌개,찌개 및 전골류,100,80.2,8.15,5.62,1.77,4.27,1.23,44.0,253.0,431,26.01,1.18,0.05,0.52,0.0,0.1,0.23,600g,한식
김치찌개,찌개 및 전골류,61,87.9,3.77,3.75,1.64,2.98,0.76,38.0,160.0,491,6.29,0.69,0.01,0.27,0.0,0.13,0.37,400g,한식
꽁치찌개,찌개 및 전골류,118,78.4,8.0,7.77,1.77,4.07,1.97,73.0,225.0,432,21.11,1.63,0.97,0.63,0.0,0.27,0.57,300g,한식
두부전골,찌개 및 전골류,63,86.8,5.12,3.22,1.46,3.42,0.7,82.0,144.0,330,1.77,0.48,0.0,0.34,0.0,0.1,0.18,500g,한식
마라탕,찌개 및 전골류,66,86.4,3.91,3.27,1.28,5.1,0.26,21.0,98.0,358,4.99,0.6,0.01,,,,,100g,한식
만두전골,찌개 및 전골류,57,87.7,3.61,2.23,0.89,5.55,0.7,36.0,144.0,250,5.84,0.55,0.01,,,,,100g,한식
버섯찌개,찌개 및 전골류,42,90.0,3.68,1.3,1.18,3.85,1.1,18.0,164.0,323,4.14,0.33,0.03,0.28,0.0,0.08,0.25,400g,한식
해물탕,찌개 및 전골류,45,88.4,6.63,0.78,1.42,2.77,0.13,82.0,157.0,341,78.25,0.13,0.0,0.07,0.0,0.0,0.05,600g,한식
해신탕,찌개 및 전골류,57,87.3,7.93,1.88,0.82,2.03,0.41,28.0,159.0,266,51.03,0.38,0.0,,,,,100g,한식
호박찌개,찌개 및 전골류,32,92.0,1.87,0.87,1.23,4.07,1.93,28.0,157.0,341,3.09,0.13,0.0,0.83,0.0,0.27,0.8,300g,한식
꼬막무침,찜류,107,77.3,8.34,4.72,1.98,7.69,4.28,83.0,191.0,516,29.88,0.64,0.03,,,,,100g,한식
대구찜,찜류,75,81.4,10.34,1.58,1.76,4.94,1.14,85.0,239.0,380,52.66,0.22,0.0,0.48,0.0,0.06,0.26,500g,한식
동태찜,찜류,79,81.0,10.18,1.94,1.76,5.16,1.14,74.0,238.0,397,56.84,0.32,0.02,0.56,0.0,0.18,0.24,500g,한식
동파육,찜류,191,70.3,8.99,15.41,1.17,4.15,0.74,27.0,148.0,299,31.6,4.4,0.1,,,,,100g,한식
돼지등갈비찜,찜류,214,58.3,16.02,10.93,1.96,12.76,5.36,36.0,247.0,532,44.35,3.58,0.07,1.71,0.0,1.53,0.98,450g,한식
북어찜,찜류,157,63.1,18.73,3.8,2.47,12.0,4.27,114.0,257.0,601,102.07,0.6,0.07,0.4,0.0,0.27,0.53,150g,한식
붕어찜,찜류,76,83.6,4.94,3.35,1.62,6.51,1.47,89.0,191.0,359,16.93,0.53,0.03,0.55,0.0,0.01,0.67,1100g,한식
오징어순대,찜류,133,67.2,13.06,1.6,1.49,16.66,0.11,22.0,199.0,360,147.84,0.4,0.0,0.11,0.0,0.0,0.0,350g,한식
조기찜,찜류,182,65.0,20.06,10.59,2.69,1.64,0.0,121.0,262.0,602,138.43,2.85,0.08,0.0,0.0,0.0,0.0,100g,한식
해물찜,찜류,80,80.6,8.52,1.96,1.88,7.08,1.1,113.0,225.0,427,83.83,0.3,0.0,0.42,0.0,0.04,0.2,500g,한식
꿩불고기,구이류,74,82.5,6.7,1.7,1.16,7.94,3.38,21.0,249.0,253,21.24,0.38,0.02,0.56,0.14,1.44,0.56,500g,한식
더덕구이,구이류,184,58.1,3.1,5.2,2.5,31.1,11.6,46.0,262.0,743,0.12,0.8,0.0,1.5,0.0,2.2,2.7,100g,한식
돼지껍데기구이,구이류,348,44.8,23.74,26.64,1.44,3.37,3.42,7.0,61.0,475,35.76,9.08,0.58,,,,,100g,한식
연어구이,구이류,234,58.5,24.78,14.94,1.57,0.2,0.55,14.0,397.0,158,44.98,2.17,0.08,,,,,100g,한식
임연수구이,구이류,198,62.5,21.52,11.76,2.84,1.4,0.0,107.0,384.0,628,85.04,2.44,0.68,0.0,0.0,0.0,0.0,250g,한식
콘치즈구이,구이류,224,58.3,9.51,12.85,1.77,17.56,7.31,266.0,136.0,313,22.06,4.5,0.11,,,,,100g,한식
황태구이,구이류,219,52.3,23.9,7.7,2.65,13.45,7.1,140.0,311.0,568,105.79,1.2,0.05,1.15,0.0,1.15,1.45,200g,한식
훈제오리,구이류,319,50.6,17.22,25.63,1.73,4.83,0.11,15.0,199.0,488,68.4,6.39,0.16,0.1,0.0,0.01,0.0,250g,한식
고추전,전·적 및 부침류,183,67.4,8.61,11.48,1.18,11.34,1.45,44.0,207.0,241,52.54,2.35,0.06,0.4,0.0,0.0,0.13,150g,한식
굴전,전·적 및 부침류,195,62.9,10.6,10.5,1.5,14.5,1.3,36.0,195.0,326,96.88,2.1,0.1,0.3,0.0,0.2,0.3,100g,한식
깻잎전,전·적 및 부침류,241,59.8,11.82,17.18,1.49,9.7,0.71,73.0,214.0,320,87.86,3.62,0.1,0.14,0.0,0.0,0.0,150g,한식
녹두빈대떡,전·적 및 부침류,208,59.5,7.94,10.27,1.31,20.93,0.1,21.0,265.0,232,12.48,2.26,0.06,0.07,0.0,0.0,0.0,100g,한식
동태전,전·적 및 부침류,195,64.3,16.48,11.63,1.48,6.11,0.26,31.0,217.0,318,136.73,1.6,0.06,,,,,100g,한식
두부전,전·적 및 부침류,170,69.2,13.64,10.58,1.56,5.0,0.02,169.0,163.0,211,2.19,1.34,0.03,0.02,0.0,0.0,0.0,150g,한식
미나리전,전·적 및 부침류,151,67.8,3.49,5.08,0.79,22.82,1.16,22.0,132.0,166,7.92,0.82,0.04,0.01,0.0,0.0,0.0,150g,한식
배추전,전·적 및 부침류,160,66.2,3.44,5.78,0.9,23.68,3.35,32.0,121.0,218,4.82,0.92,0.05,0.19,0.0,0.0,0.24,150g,한식
버섯전,전·적 및 부침류,160,71.1,7.02,9.91,1.17,10.8,1.83,28.0,256.0,209,66.73,1.53,0.04,0.01,0.0,0.0,0.33,150g,한식
새우전,전·적 및 부침류,188,65.7,9.99,11.33,1.44,11.57,1.87,57.0,144.0,349,131.08,1.95,0.06,,,,,100g,한식
소고기산적,전·적 및 부침류,227,57.1,24.2,12.78,2.29,3.67,0.0,11.0,240.0,696,67.42,3.53,0.44,0.0,0.0,0.0,0.0,200g,한식
소라산적,전·적 및 부침류,150,63.7,22.4,3.14,2.64,8.06,1.06,122.0,228.0,496,125.43,0.47,0.02,0.11,0.0,0.39,0.18,80g,한식
오징어산적,전·적 및 부침류,127,68.9,21.72,2.47,2.38,4.5,1.14,20.0,292.0,596,292.81,0.34,0.0,0.34,0.0,0.03,0.0,80g,한식
파전,전·적 및 부침류,195,61.9,4.56,9.35,0.97,23.2,0.52,31.0,126.0,231,30.76,1.51,0.05,0.11,0.0,0.0,0.01,150g,한식
햄부침,전·적 및 부침류,244,58.0,11.3,17.1,2.3,11.3,1.0,33.0,178.0,716,72.11,4.4,0.1,0.2,0.0,0.4,0.0,100g,한식
호박전,전·적 및 부침류,139,75.2,4.32,8.73,0.99,10.73,1.9,32.0,205.0,185,61.68,1.56,0.04,0.68,0.0,0.01,0.72,150g,한식
홍합산적,전·적 및 부침류,196,55.2,22.23,6.0,3.35,13.22,4.17,62.0,203.0,900,75.89,1.04,0.05,0.55,0.0,0.54,0.73,80g,한식
화양적,전·적 및 부침류,182,64.9,9.05,9.85,1.94,14.23,0.81,140.0,135.0,531,82.17,2.55,0.06,0.11,0.0,0.03,0.01,150g,한식
느타리버섯볶음,볶음류,87,82.5,3.61,4.66,1.57,7.69,3.24,34.0,241.0,453,1.17,0.45,0.02,,,,,100g,한식
닭모래집볶음,볶음류,176,61.8,28.11,5.8,1.51,2.82,2.73,29.0,169.0,364,363.87,1.14,0.02,,,,,100g,한식
돼지고기볶음,볶음류,175,67.1,11.48,10.33,2.0,9.11,4.1,22.0,284.0,526,28.94,2.56,0.08,1.12,0.0,0.13,1.74,200g,한식
두부김치,볶음류,115,77.9,7.79,6.85,1.88,5.63,0.59,99.0,223.0,396,5.57,1.27,0.03,0.27,0.0,0.0,0.15,250g,한식
머위나물볶음,볶음류,72,86.1,2.33,4.67,1.87,5.07,1.2,72.0,179.0,479,0.0,0.53,0.0,0.4,0.0,0.0,0.73,150g,한식
순대볶음,볶음류,146,68.9,5.18,5.33,1.45,19.18,1.35,33.0,140.0,375,35.43,1.28,0.03,0.5,0.03,0.0,0.43,400g,한식
오징어채볶음,볶음류,275,37.4,22.04,7.57,3.21,29.77,20.03,23.0,265.0,975,183.61,1.17,0.05,,,,,100g,한식
잔멸치볶음,볶음류,330,20.1,34.97,8.97,8.53,27.43,14.89,756.0,486.0,2096,85.11,1.59,0.05,,,,,100g,한식
주꾸미볶음,볶음류,106,75.1,9.16,2.6,1.72,11.41,2.53,25.0,159.0,459,100.38,0.3,0.01,0.98,0.0,0.18,1.1,200g,한식
주꾸미삼겹살,볶음류,161,69.0,10.11,8.66,1.59,10.66,5.41,8.0,188.0,280,70.76,2.29,0.03,,,,,100g,한식
해물볶음,볶음류,105,76.5,9.55,3.83,2.05,8.05,1.85,106.0,231.0,439,82.4,0.53,0.03,0.75,0.0,0.08,0.43,400g,한식
가자미조림,조림류,99,75.9,12.37,2.37,2.2,7.17,3.5,76.0,279.0,564,75.99,0.43,0.03,0.87,0.0,0.63,0.9,300g,한식
고추조림,조림류,111,75.8,3.3,4.9,2.7,13.4,7.1,46.0,291.0,779,7.09,0.7,0.0,1.1,0.0,1.7,1.4,100g,한식
동태조림,조림류,110,72.4,16.32,1.88,2.4,6.96,4.08,135.0,307.0,557,87.38,0.44,0.08,0.8,0.0,0.44,0.68,250g,한식
북어조림,조림류,182,55.7,20.83,3.33,2.97,17.14,8.2,155.0,270.0,766,99.63,0.67,0.05,1.12,0.0,1.21,1.35,100g,한식
조기조림,조림류,128,73.6,13.7,6.27,2.5,4.27,1.5,113.0,265.0,590,76.06,1.67,0.03,0.4,0.0,0.1,0.27,300g,한식
고구마맛탕,튀김류,246,44.4,1.65,5.5,1.2,47.3,19.35,33.0,464.0,38,0.0,0.95,0.0,0.8,0.0,6.9,1.65,200g,한식
고구마튀김,튀김류,253,50.5,2.72,11.87,1.13,33.8,7.72,25.0,328.0,148,20.84,1.74,0.05,0.55,0.0,2.43,0.02,100g,한식
고추튀김,튀김류,202,64.1,7.6,12.6,1.2,14.6,2.3,43.0,197.0,249,35.91,2.7,0.1,0.5,0.0,0.4,0.5,100g,한식
김말이튀김,튀김류,195,58.8,2.05,7.2,1.42,30.51,1.88,105.0,77.0,460,0.0,1.04,0.08,,,,,,한식
깐풍새우,튀김류,240,55.5,8.15,13.86,1.92,20.56,7.2,100.0,118.0,531,61.48,2.04,0.1,,,,,100g,한식
닭모래집튀김,튀김류,312,42.9,18.73,17.73,1.2,19.4,1.2,24.0,269.0,215,167.94,2.73,0.13,0.0,0.0,0.27,0.27,150g,한식
닭튀김,튀김류,301,43.6,21.73,16.57,1.8,16.27,0.5,13.0,316.0,415,59.31,4.33,0.13,0.13,0.0,0.3,0.07,300g,한식
돈까스,튀김류,280,50.7,13.85,17.94,1.65,15.89,4.99,34.0,224.0,343,26.48,3.16,0.11,,,,,100g,한식
라조기,튀김류,199,63.5,10.33,11.75,1.28,13.12,0.08,36.0,160.0,324,45.29,2.57,0.08,0.07,0.0,0.01,0.0,200g,한식
멘보샤,튀김류,289,52.7,10.52,21.6,1.94,13.22,1.0,30.0,59.0,696,69.91,3.57,0.14,,,,,100g,한식
미꾸라지튀김,튀김류,387,32.1,10.89,25.39,2.77,28.85,0.3,537.0,173.0,324,50.15,3.89,0.15,0.11,0.0,0.03,0.05,100g,한식
복어튀김,튀김류,320,42.7,13.84,19.27,1.28,22.88,0.6,27.0,165.0,284,30.03,2.95,0.15,,,,,100g,한식
생선까스,튀김류,327,42.6,12.17,20.55,1.45,23.28,0.98,23.0,164.0,394,36.36,3.98,0.12,0.19,0.03,0.09,0.14,200g,한식
양파링튀김,튀김류,411,24.5,3.86,25.23,2.82,43.58,5.43,115.0,167.0,776,0.0,4.19,0.16,,,,,100g,한식
쥐포튀김,튀김류,357,29.3,9.62,16.49,2.13,42.5,7.96,81.0,77.0,717,28.7,2.29,0.1,0.04,0.0,7.92,0.0,100g,한식
치즈볼,튀김류,333,39.7,9.56,20.0,2.04,28.66,5.48,153.0,84.0,532,23.23,7.33,0.48,,,,,100g,한식
치즈스틱,튀김류,329,42.5,12.59,21.85,2.53,20.57,1.84,274.0,92.0,596,22.2,7.53,0.14,,,,,100g,한식
치킨가스,튀김류,296,45.5,13.96,16.96,1.6,22.01,2.08,78.0,197.0,390,36.48,4.21,0.13,0.55,0.0,0.25,0.38,200g,한식
난자완스,튀김류,173,67.5,10.81,10.17,1.25,9.57,0.25,17.0,158.0,352,38.38,2.3,0.12,0.25,0.0,0.0,0.0,200g,한식
깻잎나물볶음,나물·숙채류,103,81.1,3.75,7.2,2.15,5.75,0.3,182.0,176.0,521,0.0,0.85,0.05,0.2,0.0,0.05,0.05,200g,한식
머위나물무침,나물·숙채류,85,86.6,1.62,7.66,1.65,2.49,0.44,53.0,130.0,452,0.0,0.82,0.06,,,,,100g,한식
미나리나물,나물·숙채류,59,88.3,2.03,3.67,1.5,4.48,0.0,78.0,238.0,301,0.0,0.5,0.02,0.0,0.0,0.0,0.0,50g,한식
세발나물무침,나물·숙채류,78,83.2,3.01,4.25,2.53,7.05,3.67,74.0,319.0,701,0.0,0.59,0.12,,,,,100g,한식
우거지나물무침,나물·숙채류,86,83.6,3.0,5.67,1.93,5.8,1.0,130.0,128.0,515,0.87,0.67,0.07,,,,,150g,한식
취나물무침,나물·숙채류,148,76.3,2.75,12.31,1.99,6.61,0.0,149.0,127.0,564,0.0,1.68,0.05,0.0,0.0,0.0,0.0,50g,한식
골뱅이무침,생채·무침류,109,73.4,7.08,1.97,1.82,15.69,10.46,38.0,224.0,526,38.35,0.26,0.02,4.01,0.0,0.5,4.74,100g,한식
노각무침,생채·무침류,56,85.6,1.73,1.2,1.93,9.53,4.73,27.0,263.0,545,0.0,0.13,0.0,1.87,0.0,0.0,2.33,150g,한식
단무지무침,생채·무침류,40,89.6,1.0,1.6,2.4,5.6,1.4,30.0,107.0,858,0.0,0.2,0.0,0.4,0.0,0.2,0.6,50g,한식
더덕무침,생채·무침류,144,63.6,2.87,1.87,2.73,28.93,13.47,40.0,264.0,831,0.11,0.27,0.0,2.33,0.0,1.6,4.2,150g,한식
물회,생채·무침류,76,83.4,4.91,2.7,1.11,7.9,2.86,30.0,160.0,299,17.18,0.4,0.01,0.69,0.0,0.0,1.24,700g,한식
배추 겉절이,생채·무침류,43,88.1,2.18,0.92,2.24,6.51,3.04,57.0,333.0,581,0.39,0.12,0.0,,,,,100g,한식
밴댕이무침,생채·무침류,150,71.3,7.45,8.25,1.5,11.5,6.75,102.0,290.0,257,25.38,1.15,0.05,2.85,0.0,0.0,2.95,400g,한식
상추 겉절이,생채·무침류,64,85.8,2.48,3.26,2.3,6.18,3.71,89.0,379.0,550,6.57,0.36,0.03,,,,,100g,한식
쑥갓나물무침,생채·무침류,64,86.9,3.0,3.8,1.93,4.4,0.2,104.0,256.0,473,0.03,0.47,0.0,0.13,0.0,0.0,0.07,150g,한식
탕평채,생채·무침류,97,79.6,3.55,3.81,0.83,12.26,0.39,19.0,72.0,260,47.24,0.73,0.03,0.14,0.0,0.0,0.0,100g,한식
홍어무침,생채·무침류,99,74.8,8.93,1.32,1.98,12.98,7.23,150.0,276.0,401,28.51,0.18,0.0,2.39,0.0,0.42,3.45,200g,한식
갓김치,김치류,37,86.4,3.26,0.4,2.87,7.07,2.46,103.0,328.0,720,0.0,0.08,0.01,,,,,100g,한식
배추김치,김치류,38,88.9,1.98,0.43,2.21,6.49,2.4,43.0,334.0,551,0.0,0.07,0.0,,,,,100g,한식
백김치,김치류,16,94.5,0.95,0.07,1.48,3.0,1.04,35.0,187.0,395,0.0,0.01,0.01,,,,,100g,한식
열무김치,김치류,36,89.0,2.39,0.38,2.34,5.87,0.68,115.0,353.0,583,0.0,0.06,0.0,,,,,100g,한식
열무물김치,김치류,18,94.1,1.41,0.07,1.51,2.91,1.68,32.0,103.0,493,0.0,0.02,0.0,,,,,100g,한식
열무얼갈이김치,김치류,35,89.5,2.15,0.66,2.43,5.22,0.91,79.0,308.0,680,2.07,0.08,0.0,0.4,0.0,0.0,0.5,50g,한식
오이소박이,김치류,37,89.8,1.76,0.37,1.41,6.66,3.17,29.0,283.0,302,0.0,0.08,0.0,,,,,100g,한식
유채김치,김치류,62,82.4,3.5,0.8,3.2,10.1,,67.0,464.0,926,,0.0,0.0,,,,,100g,한식
유채물김치,김치류,17,94.7,1.0,0.1,1.2,3.0,,37.0,112.0,452,,0.0,0.0,,,,,100g,한식
총각김치,김치류,42,87.6,1.92,0.29,2.31,7.89,3.0,38.0,331.0,630,0.0,0.05,0.0,,,,,100g,한식
파김치,김치류,49,86.0,2.5,0.58,2.41,8.51,2.8,60.0,282.0,655,0.0,0.11,0.0,,,,,100g,한식
고추장아찌,장아찌·절임류,124,59.7,2.39,0.63,5.79,31.49,11.38,16.0,209.0,2026,0.0,0.11,0.0,,,,,100g,한식
들깻잎장아찌,장아찌·절임류,124,63.6,4.03,0.42,5.95,26.0,16.41,178.0,285.0,1809,0.0,0.06,0.0,,,,,100g,한식
마늘장아찌,장아찌·절임류,113,68.8,2.43,0.16,3.25,25.36,15.03,7.0,69.0,1127,0.0,0.04,0.0,,,,,100g,한식
마늘쫑장아찌,장아찌·절임류,118,66.5,1.96,0.14,4.06,27.34,13.02,21.0,105.0,1410,0.0,0.04,0.0,,,,,100g,한식
매실장아찌,장아찌·절임류,243,36.5,1.65,0.43,3.35,58.11,38.16,30.0,232.0,1126,0.0,0.08,0.0,15.93,0.0,0.57,17.73,30g,한식
무장아찌,장아찌·절임류,80,73.3,1.47,0.76,7.7,16.76,9.62,28.0,185.0,2933,0.13,0.04,0.0,2.43,0.0,0.63,2.63,30g,한식
레몬청차,음료 및 차류,60,83.3,0.13,0.01,1.73,14.8,16.33,13.0,23.0,3,0.0,0.0,0.0,,,,,100g,한식
식혜,음료 및 차류,87,80.4,1.53,1.75,0.09,16.21,11.36,6.0,13.0,2,0.0,0.04,0.0,0.46,0.0,9.26,0.12,150g,한식
팝콘,"곡류, 서류 제품",511,4.2,8.3,27.34,2.14,58.06,0.38,5.0,196.0,500,0.49,11.05,0.06,,,,,100g,한식
대구포,수·조·어·육류,141,56.4,31.97,0.4,8.92,2.33,0.0,155.0,387.0,3876,107.15,0.17,0.0,0.0,0.0,0.0,0.0,100g,한식
곤드레밥,밥류,124,13.0,2.2,0.94,,26.8,0.15,7.0,23.0,9,0.0,0.18,,,,,,500ml,한식
누룽지,밥류,87,1.4,1.5,0.06,,19.17,0.24,4.0,19.0,1,0.0,0.02,,,,,,600ml,한식
돌솥 비빔밥,밥류,101,30.7,3.4,1.78,,17.46,1.05,29.0,116.0,93,26.99,0.42,,,,,,575ml,한식
삼각김밥,밥류,185,11.0,4.8,4.4,,30.58,0.24,11.0,82.0,179,3.92,0.67,,,,,,94.50ml,한식
율무밥,밥류,118,4.1,2.2,0.17,,25.56,0.01,2.0,58.0,2,0.0,0.05,,,,,,270ml,한식
주먹밥,밥류,135,4.1,2.3,2.09,,25.52,0.88,10.0,32.0,105,0.0,0.36,,,,,,291ml,한식
짜장밥,밥류,93,45.9,2.85,1.94,,15.58,2.14,11.0,87.0,180,13.49,0.43,,,,,,520ml,한식
참치덮밥,밥류,108,51.4,5.8,2.13,,15.91,2.05,12.0,122.0,341,6.14,0.28,,,,,,580ml,한식
콩나물 국밥,밥류,60,78.1,2.66,0.73,,10.69,0.42,22.0,54.0,58,19.77,0.2,,,,,,830ml,한식
흑미밥,밥류,120,4.3,2.3,0.37,,25.73,0.17,3.0,33.0,1,0.0,0.1,,,,,,300ml,한식
강낭콩밥,밥류,111,6.1,2.2,0.15,,24.21,0.01,4.0,78.0,2,0.0,0.05,,,,,,300ml,한식
검정콩밥,밥류,136,4.7,3.3,0.79,,27.6,0.35,7.0,81.0,1,0.0,0.17,,,,,,250ml,한식
굴 국밥,밥류,63,12.0,1.6,0.32,,12.79,0.46,23.0,46.0,144,0.58,0.07,,,,,,809ml,한식
굴밥,밥류,122,44.5,4.3,1.95,,21.44,0.66,83.0,126.0,126,10.38,0.36,,,,,,500ml,한식
낙지 덮밥,밥류,92,53.6,4.5,1.28,,15.44,1.76,13.0,126.0,187,3.82,0.21,,,,,,900ml,한식
낙지 비빔밥,밥류,88,48.8,4.3,1.31,,14.72,1.25,14.0,107.0,176,9.72,0.24,,,,,,900ml,한식
닭고기 덮밥,밥류,89,20.3,4.3,0.38,,16.36,0.45,4.0,78.0,67,7.95,0.09,,,,,,572ml,한식
돼지머리국밥,밥류,72,11.0,2.1,1.16,,12.55,0.41,4.0,35.0,143,2.93,0.41,,,,,,809ml,한식
모듬 김밥,밥류,113,50.9,4.2,2.75,,17.49,0.7,24.0,91.0,184,25.86,0.69,,,,,,400ml,한식
모듬 초밥,밥류,189,37.4,10.0,3.14,,28.65,2.45,35.0,129.0,394,63.44,0.9,,,,,,245ml,한식
무밥,밥류,177,37.1,3.7,1.06,,36.68,0.79,13.0,141.0,198,0.0,0.21,,,,,,246.20ml,한식
버섯 덮밥,밥류,101,21.7,2.6,1.63,,18.47,0.54,5.0,77.0,63,4.14,0.64,,,,,,572ml,한식
비빔 잡곡밥,밥류,138,17.4,3.6,2.12,,25.66,0.68,21.0,105.0,93,16.33,0.44,,,,,,300ml,한식
소고기 국밥,밥류,66,11.5,2.3,0.56,,12.54,0.41,4.0,46.0,124,2.7,0.2,,,,,,809ml,한식
양송이 덮밥,밥류,93,24.2,1.9,0.65,,19.64,1.27,4.0,117.0,46,0.0,0.12,,,,,,572ml,한식
열무 비빔밥,밥류,84,20.1,2.5,0.51,,16.86,0.61,20.0,89.0,112,1.94,0.17,,,,,,600ml,한식
옥수수밥,밥류,113,5.8,2.1,0.34,,24.39,0.25,2.0,33.0,4,0.0,0.09,,,,,,450ml,한식
완두콩밥,밥류,114,5.6,2.2,0.33,,24.47,0.14,3.0,36.0,1,0.0,0.09,,,,,,250ml,한식
유부 초밥,밥류,199,11.0,5.8,6.92,,27.04,2.2,89.0,52.0,134,0.0,1.11,,,,,,300ml,한식
육회비빔밥,밥류,115,19.9,3.9,2.88,,17.66,0.71,27.0,78.0,77,24.17,0.65,,,,,,700ml,한식
장어 덮밥,밥류,95,13.6,3.5,1.99,,15.04,0.42,12.0,28.0,80,23.52,0.48,,,,,,500ml,한식
장어 초밥,밥류,95,13.6,3.5,1.99,,15.04,0.42,12.0,28.0,80,23.52,0.48,,,,,,500ml,한식
팥밥,밥류,140,5.0,3.2,0.41,,29.53,0.19,5.0,80.0,1,0.0,0.11,,,,,,250ml,한식
해물 덮밥,밥류,78,19.5,3.8,0.39,,14.15,0.69,7.0,77.0,68,26.88,0.1,,,,,,572ml,한식
혼합잡곡밥,밥류,118,4.4,2.3,0.22,,25.63,0.07,3.0,67.0,2,0.0,0.06,,,,,,250ml,한식
계란빵,빵 및 과자류,158,19.3,6.0,1.99,,27.2,1.35,64.0,64.0,193,60.66,0.6,,,,,,150ml,한식
피자,빵 및 과자류,153,38.7,7.8,4.77,,21.07,3.1,45.0,210.0,179,15.53,2.31,,,,,,210ml,한식
호떡,빵 및 과자류,147,2.3,2.7,5.91,,20.14,4.76,5.0,46.0,2,0.0,0.86,,,,,,104ml,한식
감자샐러드 샌드위치,빵 및 과자류,108,34.4,3.1,4.73,,13.39,2.27,12.0,105.0,217,24.2,1.2,,,,,,380ml,한식
소고기 샌드위치,빵 및 과자류,203,37.6,6.9,10.61,,19.7,2.93,21.0,117.0,328,29.83,4.33,,,,,,250ml,한식
토스트(식빵),빵 및 과자류,84,10.1,2.5,1.33,,15.55,2.61,8.0,30.0,140,0.0,0.78,,,,,,230.30ml,한식
트위스터 샌드위치,빵 및 과자류,56,18.7,3.6,2.96,,3.3,0.68,7.0,46.0,124,15.94,0.83,,,,,,380.60ml,한식
파운드케이크,빵 및 과자류,226,12.2,3.5,11.79,,26.67,9.33,35.0,81.0,119,47.29,5.75,,,,,,170ml,한식
햄샌드위치,빵 및 과자류,185,34.3,5.3,10.0,,18.69,3.63,19.0,100.0,321,14.58,3.42,,,,,,207ml,한식
국수,면 및 만두류,56,7.3,2.5,0.96,,8.87,0.29,24.0,32.0,274,10.42,0.2,,,,,,894ml,한식
메밀소바,면 및 만두류,86,39.7,2.49,0.32,,17.96,1.44,7.0,56.0,254,0.0,0.08,,,,,,400ml,한식
비빔막국수,면 및 만두류,104,32.7,3.06,0.86,,21.47,3.82,14.0,112.0,256,1.81,0.17,,,,,,700ml,한식
스파게티,면 및 만두류,138,21.3,4.1,3.95,,21.11,1.42,11.0,148.0,52,4.0,0.97,,,,,,395ml,한식
우동,면 및 만두류,71,56.7,2.14,1.1,,12.76,0.23,14.0,40.0,270,0.72,0.24,,,,,,800ml,한식
잔치국수,면 및 만두류,61,17.5,2.4,0.84,,10.58,0.82,23.0,83.0,272,11.76,0.19,,,,,,800ml,한식
쟁반짜장,면 및 만두류,145,51.4,5.85,2.63,,23.63,2.42,21.0,210.0,321,18.56,0.53,,,,,,900ml,한식
중식우동,면 및 만두류,91,34.0,4.73,0.84,,15.29,0.82,17.0,142.0,202,28.82,0.21,,,,,,960ml,한식
해물칼국수,면 및 만두류,77,65.5,3.09,0.4,,14.64,0.22,19.0,65.0,252,5.06,0.1,,,,,,1100ml,한식
고기만두,면 및 만두류,105,44.4,6.6,2.51,,13.15,0.27,17.0,113.0,322,7.77,0.54,,,,,,315ml,한식
군만두,면 및 만두류,219,49.7,8.5,9.25,,25.22,0.44,59.0,215.0,237,6.66,2.67,,,,,,257.30ml,한식
김치만두,면 및 만두류,130,62.6,8.7,3.3,,15.15,0.81,36.0,214.0,431,8.63,0.67,,,,,,315ml,한식
막국수,면 및 만두류,58,16.1,2.0,0.6,,10.96,0.17,5.0,63.0,226,1.49,0.18,,,,,,732.60ml,한식
만두탕수,면 및 만두류,95,23.1,2.8,4.41,,11.0,1.79,20.0,93.0,322,2.01,1.05,,,,,,450ml,한식
모밀국수,면 및 만두류,86,39.6,2.5,0.32,,17.96,1.44,7.0,58.0,255,0.0,0.08,,,,,,400ml,한식
물냉면,면 및 만두류,96,86.9,3.6,0.71,,18.22,0.42,10.0,97.0,201,11.44,0.21,,,,,,780ml,한식
물만두,면 및 만두류,92,42.6,6.1,2.56,,10.5,0.06,22.0,103.0,102,4.66,0.48,,,,,,350ml,한식
미트 스파게티,면 및 만두류,109,30.8,4.3,1.9,,18.58,2.82,13.0,183.0,136,5.02,0.48,,,,,,350ml,한식
볶음 우동,면 및 만두류,59,17.2,2.0,2.58,,6.42,0.15,19.0,32.0,272,14.35,0.45,,,,,,707ml,한식
비빔냉면,면 및 만두류,90,17.2,3.8,1.66,,14.53,1.37,10.0,84.0,152,16.05,0.45,,,,,,600ml,한식
어묵 우동,면 및 만두류,71,56.7,2.1,1.1,,12.77,0.22,14.0,40.0,268,0.74,0.24,,,,,,800ml,한식
오븐스파게티,면 및 만두류,122,54.6,5.6,3.49,,16.77,1.75,71.0,124.0,120,9.37,1.97,,,,,,700ml,한식
장국국수,면 및 만두류,72,7.7,3.3,1.84,,9.82,0.27,24.0,50.0,249,14.35,0.47,,,,,,800ml,한식
쟁반국수,면 및 만두류,112,37.8,4.1,2.36,,18.84,2.88,31.0,169.0,162,25.74,0.55,,,,,,550ml,한식
짜장면,면 및 만두류,153,47.5,5.3,2.57,,29.14,2.9,19.0,237.0,411,2.32,0.51,,,,,,600ml,한식
짬뽕라면,면 및 만두류,91,16.8,3.4,2.92,,12.32,0.28,46.0,76.0,91,18.59,1.25,,,,,,765ml,한식
해물 스파게티,면 및 만두류,82,62.1,4.8,1.13,,12.82,1.9,17.0,150.0,125,19.59,0.24,,,,,,700ml,한식
회냉면,면 및 만두류,80,20.1,3.4,0.87,,14.38,1.43,28.0,77.0,294,16.38,0.2,,,,,,732.60ml,한식
굴죽,죽 및 스프류,107,9.9,2.4,2.99,,16.76,0.19,47.0,49.0,196,1.12,0.48,,,,,,259ml,한식
대합죽,죽 및 스프류,106,9.9,2.5,2.89,,16.61,0.17,23.0,20.0,223,3.96,0.45,,,,,,259ml,한식
땅콩죽,죽 및 스프류,116,2.9,3.4,3.38,,18.08,0.46,6.0,74.0,143,0.0,0.65,,,,,,259ml,한식
복죽,죽 및 스프류,107,9.9,2.7,2.73,,16.84,0.01,13.0,37.0,154,12.16,0.42,,,,,,259ml,한식
소고기 감자죽,죽 및 스프류,88,18.3,3.1,2.0,,13.65,0.32,4.0,70.0,38,8.19,0.67,,,,,,320ml,한식
오리감자죽,죽 및 스프류,97,28.5,3.7,2.14,,15.11,0.28,6.0,135.0,121,9.72,0.41,,,,,,302ml,한식
잡곡죽,죽 및 스프류,81,2.8,3.5,1.17,,14.21,0.48,13.0,140.0,118,0.0,0.21,,,,,,324.60ml,한식
홍합 미나리죽,죽 및 스프류,79,26.9,2.3,0.3,,16.37,0.74,8.0,97.0,168,1.81,0.08,,,,,,259ml,한식
홍합 소고기죽,죽 및 스프류,131,31.7,6.2,3.2,,18.4,0.64,17.0,142.0,54,15.54,0.92,,,,,,225.80ml,한식
닭고기육개장,국 및 탕류,39,77.3,4.96,1.07,,2.5,0.46,18.0,120.0,118,14.81,0.26,,,,,,420ml,한식
닭백숙,국 및 탕류,56,16.2,4.23,2.11,,4.49,0.37,3.0,37.0,49,14.75,0.57,,,,,,610ml,한식
무국,국 및 탕류,7,55.9,0.3,0.17,,1.2,0.39,8.0,96.0,184,0.01,0.03,,,,,,320ml,한식
감자 된장국,국 및 탕류,22,17.1,1.4,0.32,,3.31,0.3,24.0,105.0,216,5.57,0.06,,,,,,320ml,한식
건새우 미역국,국 및 탕류,27,2.0,3.8,1.04,,0.92,0.0,270.0,135.0,364,22.55,0.17,,,,,,320ml,한식
고디국(다슬기맑은국),국 및 탕류,17,56.1,1.4,0.71,,1.58,0.23,87.0,45.0,96,1.02,0.07,,,,,,300ml,한식
근대 된장국,국 및 탕류,10,67.0,0.9,0.25,,1.36,0.21,16.0,133.0,184,0.26,0.04,,,,,,300ml,한식
김국,국 및 탕류,13,7.2,0.9,0.25,,2.34,0.27,8.0,43.0,114,10.28,0.08,,,,,,320ml,한식
김치 된장국,국 및 탕류,15,19.9,1.1,0.38,,1.97,0.71,16.0,86.0,239,0.99,0.06,,,,,,280ml,한식
김치 콩나물국,국 및 탕류,11,68.2,0.9,0.28,,1.41,0.47,14.0,80.0,146,0.02,0.05,,,,,,300ml,한식
꼬리곰탕,국 및 탕류,40,11.1,2.3,2.17,,2.29,0.23,4.0,36.0,79,8.29,0.62,,,,,,800ml,한식
낙지탕(맑은탕),국 및 탕류,16,53.9,3.0,0.16,,0.8,0.26,10.0,80.0,142,6.92,0.02,,,,,,600ml,한식
냉이 된장국,국 및 탕류,16,84.9,1.4,0.4,,2.11,0.46,33.0,80.0,178,0.08,0.07,,,,,,300ml,한식
다슬기 된장국,국 및 탕류,23,55.6,2.1,0.68,,2.6,0.41,121.0,81.0,128,1.57,0.08,,,,,,300ml,한식
닭고기 미역국,국 및 탕류,21,10.3,3.2,0.74,,0.71,0.01,17.0,126.0,191,8.03,0.18,,,,,,280ml,한식
두부 달걀탕,국 및 탕류,45,30.8,4.7,2.11,,1.58,0.1,56.0,132.0,230,44.32,0.49,,,,,,320ml,한식
두부 된장국,국 및 탕류,25,20.2,2.5,0.92,,1.78,0.41,32.0,71.0,203,5.83,0.15,,,,,,229.30ml,한식
두부국,국 및 탕류,19,105.5,1.8,0.83,,1.25,0.22,18.0,68.0,185,2.18,0.14,,,,,,270ml,한식
메밀묵국,국 및 탕류,65,95.1,1.6,1.27,,12.03,1.45,17.0,136.0,249,0.0,0.21,,,,,,144.50ml,한식
몸국,국 및 탕류,22,24.3,2.9,0.65,,1.54,0.4,25.0,73.0,119,5.86,0.21,,,,,,650ml,한식
무 된장국,국 및 탕류,15,25.9,1.0,0.35,,2.03,0.68,13.0,88.0,186,1.83,0.07,,,,,,280ml,한식
무 북어국,국 및 탕류,27,53.4,4.1,0.7,,1.05,0.38,20.0,98.0,156,21.32,0.18,,,,,,300ml,한식
미역 된장국,국 및 탕류,15,5.2,1.2,0.57,,1.81,0.34,21.0,123.0,345,0.34,0.11,,,,,,280ml,한식
바지락 된장국,국 및 탕류,16,43.9,1.6,0.35,,1.78,0.41,25.0,90.0,130,0.59,0.06,,,,,,300ml,한식
바지락 미역국,국 및 탕류,13,26.8,1.9,0.28,,1.22,0.1,29.0,130.0,304,1.27,0.06,,,,,,300ml,한식
배추 된장국,국 및 탕류,11,22.9,0.8,0.23,,1.52,0.54,14.0,69.0,145,0.34,0.04,,,,,,280ml,한식
뼈다귀해장국,국 및 탕류,21,16.3,2.7,0.63,,0.96,0.36,4.0,74.0,108,5.86,0.2,,,,,,650ml,한식
새우젓국,국 및 탕류,23,41.5,2.0,0.72,,2.21,0.75,27.0,106.0,276,4.33,0.12,,,,,,320ml,한식
선짓국,국 및 탕류,27,49.8,3.6,0.49,,2.15,0.45,13.0,70.0,248,0.75,0.13,,,,,,600ml,한식
소고기 미역국,국 및 탕류,21,5.6,1.6,1.37,,0.92,0.02,22.0,129.0,258,4.13,0.42,,,,,,300ml,한식
시금치 된장국,국 및 탕류,12,70.8,1.0,0.26,,1.65,0.5,14.0,162.0,178,0.3,0.05,,,,,,300ml,한식
시래기 된장국,국 및 탕류,11,61.7,0.7,0.26,,1.6,0.26,23.0,34.0,166,0.01,0.04,,,,,,300ml,한식
쑥 된장국,국 및 탕류,14,11.1,1.0,0.47,,1.64,0.29,15.0,84.0,163,0.3,0.07,,,,,,280ml,한식
아욱 된장국,국 및 탕류,12,57.5,1.0,0.22,,1.89,0.2,55.0,97.0,152,0.77,0.04,,,,,,300ml,한식
어묵국,국 및 탕류,32,75.1,2.2,0.78,,4.16,0.78,13.0,61.0,250,4.04,0.15,,,,,,600ml,한식
어묵국물,국 및 탕류,7,65.3,0.5,0.13,,1.05,0.14,6.0,37.0,234,0.03,0.03,,,,,,300ml,한식
어묵탕,국 및 탕류,30,92.8,2.1,0.73,,3.92,0.72,12.0,59.0,255,3.25,0.13,,,,,,600ml,한식
얼갈이 된장국,국 및 탕류,10,76.7,0.8,0.26,,1.49,0.37,44.0,69.0,187,0.01,0.04,,,,,,300ml,한식
올갱이해장국,국 및 탕류,41,39.7,4.0,1.35,,3.54,0.77,113.0,126.0,342,9.05,0.21,,,,,,262ml,한식
조개 미역국,국 및 탕류,11,19.9,1.5,0.24,,0.97,0.07,23.0,100.0,241,1.49,0.05,,,,,,300ml,한식
조개탕,국 및 탕류,12,27.3,1.8,0.15,,0.7,0.18,13.0,25.0,111,2.98,0.03,,,,,,300ml,한식
참치 미역국,국 및 탕류,26,7.6,3.3,1.16,,0.93,0.0,18.0,131.0,296,4.36,0.15,,,,,,320ml,한식
콩나물 황태국,국 및 탕류,30,55.2,4.6,0.87,,0.99,0.3,22.0,96.0,129,25.92,0.23,,,,,,300ml,한식
해물 된장국,국 및 탕류,38,34.6,5.9,0.65,,1.94,0.66,26.0,91.0,319,34.39,0.13,,,,,,320ml,한식
호박 된장국,국 및 탕류,17,17.7,1.2,0.4,,2.17,0.49,11.0,70.0,212,0.3,0.07,,,,,,170ml,한식
홍합 미역국,국 및 탕류,5,2.2,0.7,0.16,,0.32,0.0,6.0,25.0,78,2.06,0.03,,,,,,300ml,한식
홍합국(홍합탕),국 및 탕류,17,23.3,2.8,0.24,,0.75,0.04,9.0,6.0,137,10.55,0.06,,,,,,300ml,한식
개고기전골,찌개 및 전골류,74,64.5,5.56,5.03,,2.35,0.53,34.0,148.0,109,8.91,1.02,,,,,,630ml,한식
곱창전골,찌개 및 전골류,47,64.0,3.57,2.61,,2.66,0.77,12.0,104.0,111,42.7,0.71,,,,,,570ml,한식
내장전골,찌개 및 전골류,58,79.3,5.41,2.88,,2.89,0.72,18.0,119.0,128,51.72,0.84,,,,,,470ml,한식
불낙전골,찌개 및 전골류,69,94.2,7.0,2.67,,4.58,1.15,19.0,198.0,250,13.06,0.95,,,,,,400ml,한식
소고기 샤브샤브,찌개 및 전골류,46,78.2,2.95,2.04,,4.08,0.4,8.0,85.0,114,8.24,0.78,,,,,,930ml,한식
순대전골,찌개 및 전골류,76,80.5,5.61,3.18,,6.28,0.68,19.0,110.0,160,17.49,1.22,,,,,,450ml,한식
아귀지리,찌개 및 전골류,21,66.1,3.97,0.13,,0.89,0.2,8.0,39.0,87,14.01,0.02,,,,,,540ml,한식
가자미 매운탕,찌개 및 전골류,31,23.0,4.5,0.82,,1.4,0.38,12.0,125.0,130,18.0,0.14,,,,,,550ml,한식
감자 소고기찌개,찌개 및 전골류,48,32.8,3.2,2.27,,3.81,0.65,12.0,120.0,267,6.23,0.63,,,,,,315.20ml,한식
광어 매운탕,찌개 및 전골류,63,66.2,8.9,1.74,,2.94,0.77,40.0,259.0,55,12.28,0.26,,,,,,600ml,한식
국수전골,찌개 및 전골류,88,24.9,3.4,1.83,,14.56,1.09,13.0,166.0,298,3.89,0.47,,,,,,457.70ml,한식
김치순두부,찌개 및 전골류,42,62.1,4.7,1.8,,1.54,0.86,15.0,157.0,107,5.3,0.44,,,,,,100ml,한식
꽃게 매운탕,찌개 및 전골류,31,40.3,5.7,0.27,,1.3,0.59,47.0,113.0,169,10.43,0.06,,,,,,232.90ml,한식
대구 매운탕,찌개 및 전골류,31,54.6,5.1,0.35,,2.09,0.55,18.0,103.0,219,15.19,0.06,,,,,,300ml,한식
대구지리,찌개 및 전골류,16,18.8,2.7,0.21,,0.86,0.12,15.0,86.0,153,7.82,0.03,,,,,,600ml,한식
대구탕,찌개 및 전골류,45,47.7,4.7,0.89,,5.03,1.34,28.0,120.0,285,8.89,0.16,,,,,,760.50ml,한식
도루묵찌개,찌개 및 전골류,63,62.8,6.8,2.31,,4.04,1.3,27.0,132.0,62,29.17,0.45,,,,,,494ml,한식
도미 매운탕,찌개 및 전골류,47,43.5,5.9,1.13,,3.37,1.08,20.0,97.0,351,18.38,0.23,,,,,,297ml,한식
두부 청국장찌개,찌개 및 전골류,39,41.4,3.5,0.95,,4.34,0.83,30.0,163.0,220,0.02,0.15,,,,,,240ml,한식
망둥어찌개,찌개 및 전골류,44,43.6,5.9,0.85,,3.4,1.08,18.0,186.0,483,21.55,0.13,,,,,,298.80ml,한식
메기 매운탕,찌개 및 전골류,59,62.1,4.0,1.46,,7.39,0.69,19.0,153.0,264,10.42,0.42,,,,,,760ml,한식
명태 매운탕,찌개 및 전골류,49,54.6,7.1,1.03,,3.15,0.79,48.0,197.0,58,16.7,0.16,,,,,,625ml,한식
모듬채소전골,찌개 및 전골류,20,28.2,1.8,0.6,,2.1,0.61,11.0,85.0,145,1.3,0.14,,,,,,450ml,한식
민어 매운탕,찌개 및 전골류,35,41.6,4.5,0.79,,2.98,0.92,19.0,91.0,140,9.02,0.15,,,,,,450ml,한식
버섯 샤브샤브,찌개 및 전골류,27,37.0,2.0,1.36,,2.46,0.48,6.0,121.0,143,4.47,0.41,,,,,,488ml,한식
번데기탕,찌개 및 전골류,23,20.5,2.2,1.48,,0.42,0.18,8.0,26.0,109,16.7,0.25,,,,,,200ml,한식
병어찌개,찌개 및 전골류,54,42.9,5.3,2.06,,3.4,1.08,20.0,181.0,485,16.16,0.59,,,,,,298.80ml,한식
보신탕,찌개 및 전골류,42,25.4,3.0,2.68,,2.12,0.53,19.0,103.0,65,5.02,0.56,,,,,,600ml,한식
복 매운탕,찌개 및 전골류,31,67.2,5.1,0.39,,2.25,0.58,16.0,109.0,228,13.31,0.07,,,,,,600ml,한식
복지리,찌개 및 전골류,30,171.7,5.6,0.31,,1.49,0.35,19.0,101.0,209,14.78,0.06,,,,,,600ml,한식
볼락 매운탕,찌개 및 전골류,30,35.4,3.5,0.52,,2.87,1.27,14.0,94.0,191,10.22,0.08,,,,,,356.20ml,한식
붕어 매운탕,찌개 및 전골류,23,22.9,3.1,0.7,,1.08,0.25,15.0,81.0,112,7.0,0.12,,,,,,600ml,한식
삼치찌개,찌개 및 전골류,50,43.3,6.2,1.28,,3.35,1.08,16.0,188.0,347,16.97,0.27,,,,,,297ml,한식
섞어찌개(모듬찌개),찌개 및 전골류,39,24.0,1.7,2.09,,3.73,0.9,9.0,110.0,194,3.28,0.61,,,,,,481ml,한식
송어 매운탕,찌개 및 전골류,54,53.4,6.6,1.35,,4.03,1.56,25.0,217.0,247,18.27,0.32,,,,,,275.80ml,한식
숭어 매운탕,찌개 및 전골류,51,53.5,6.8,0.87,,4.11,1.56,26.0,115.0,241,15.99,0.18,,,,,,275.80ml,한식
아귀 매운탕,찌개 및 전골류,25,95.0,3.7,0.34,,2.15,0.51,13.0,96.0,184,11.14,0.06,,,,,,600ml,한식
애호박찌개,찌개 및 전골류,17,53.4,0.9,0.17,,3.54,1.53,11.0,149.0,264,0.0,0.04,,,,,,227ml,한식
어묵 매운탕,찌개 및 전골류,36,40.3,2.5,0.89,,4.64,0.89,15.0,64.0,247,5.57,0.17,,,,,,600ml,한식
연두부찌개,찌개 및 전골류,42,52.4,4.8,1.48,,2.59,0.95,51.0,156.0,291,26.58,0.24,,,,,,257.80ml,한식
우럭 매운탕,찌개 및 전골류,29,51.9,3.5,0.6,,2.83,0.69,19.0,163.0,144,2.76,0.13,,,,,,700ml,한식
잉어 매운탕,찌개 및 전골류,52,54.2,5.7,1.5,,4.08,1.56,29.0,209.0,231,19.04,0.28,,,,,,275.80ml,한식
잡탕전골,찌개 및 전골류,56,30.4,4.9,1.73,,4.99,0.73,16.0,116.0,279,23.68,0.47,,,,,,485.70ml,한식
장어매운탕,찌개 및 전골류,58,53.6,5.7,2.11,,4.08,1.56,25.0,115.0,232,44.16,0.48,,,,,,275.80ml,한식
조기찌개,찌개 및 전골류,23,29.1,2.4,0.64,,1.93,0.59,10.0,103.0,94,5.5,0.16,,,,,,240ml,한식
참치찌개,찌개 및 전골류,42,25.6,5.4,0.97,,3.05,1.28,9.0,127.0,306,7.39,0.1,,,,,,348.60ml,한식
콩나물찌개,찌개 및 전골류,12,23.4,1.6,0.37,,1.09,0.13,29.0,67.0,219,5.34,0.08,,,,,,250ml,한식
해물 매운탕,찌개 및 전골류,34,74.4,5.7,0.52,,1.89,0.5,24.0,143.0,209,42.29,0.09,,,,,,650ml,한식
해물전골,찌개 및 전골류,26,30.1,3.2,0.64,,1.95,0.52,15.0,89.0,178,19.66,0.11,,,,,,500ml,한식
홍어찌개,찌개 및 전골류,51,53.8,7.7,0.97,,3.15,0.79,104.0,182.0,84,25.46,0.17,,,,,,625ml,한식
가오리콩나물찜,찜류,29,42.5,2.68,0.84,,3.5,0.69,27.0,125.0,111,4.13,0.15,,,,,,600ml,한식
꽃게콩나물찜,찜류,52,62.8,5.86,1.34,,5.1,0.91,49.0,184.0,209,12.62,0.21,,,,,,800ml,한식
낙지찜,찜류,74,59.5,5.47,4.31,,3.81,0.89,26.0,186.0,217,35.53,0.67,,,,,,600ml,한식
단호박찜,찜류,41,53.9,0.93,0.16,,10.04,3.63,5.0,283.0,2,0.0,0.03,,,,,,90ml,한식
달걀찜,찜류,119,74.0,11.1,7.01,,1.66,0.62,44.0,142.0,871,255.67,2.19,,,,,,110ml,한식
대구볼찜,찜류,45,59.1,4.23,1.23,,5.37,1.09,27.0,167.0,143,12.08,0.21,,,,,,640ml,한식
복찜,찜류,36,42.1,3.55,0.92,,4.11,0.87,22.0,116.0,137,5.81,0.16,,,,,,510ml,한식
소갈비찜,찜류,111,42.2,5.38,7.08,,6.45,2.92,8.0,135.0,291,16.23,2.46,,,,,,750ml,한식
해물콩나물찜,찜류,51,65.7,7.04,1.11,,3.83,0.74,33.0,184.0,139,40.05,0.2,,,,,,850ml,한식
홍어찜,찜류,41,32.5,7.2,0.54,,1.49,0.29,108.0,121.0,267,29.91,0.09,,,,,,250ml,한식
황태콩나물찜,찜류,82,52.7,10.17,1.99,,6.92,1.74,64.0,327.0,244,19.43,0.35,,,,,,650ml,한식
가자미찜,찜류,78,59.4,11.8,1.95,,2.79,0.83,27.0,287.0,345,49.28,0.34,,,,,,170.80ml,한식
가지찜,찜류,120,100.3,5.6,6.29,,10.23,2.64,21.0,313.0,402,15.81,2.35,,,,,,100ml,한식
개고기 수육,찜류,226,50.7,15.8,17.15,,3.1,0.1,27.0,267.0,54,32.25,3.45,,,,,,200ml,한식
고등어찜,찜류,92,59.6,8.6,4.88,,3.21,1.02,33.0,254.0,159,22.36,1.15,,,,,,191ml,한식
굴찜,찜류,142,89.4,11.3,4.04,,15.7,7.17,101.0,198.0,923,32.76,0.61,,,,,,98.90ml,한식
꽃게찜,찜류,52,62.8,5.9,1.33,,5.1,0.91,49.0,183.0,217,12.52,0.21,,,,,,800ml,한식
도미찜,찜류,52,64.4,7.9,0.91,,3.22,0.92,33.0,126.0,85,24.37,0.15,,,,,,226.70ml,한식
돼지사태찜,찜류,84,60.5,7.6,2.65,,7.02,2.76,10.0,251.0,207,23.75,0.95,,,,,,177.30ml,한식
두부 달걀찜,찜류,74,52.7,6.3,4.19,,2.56,0.44,39.0,109.0,143,48.53,0.85,,,,,,125ml,한식
메기찜,찜류,71,71.7,7.3,2.33,,5.37,0.77,25.0,307.0,150,20.83,0.6,,,,,,528.20ml,한식
명란찜,찜류,61,62.3,7.1,2.24,,3.1,1.28,30.0,228.0,1130,111.82,0.41,,,,,,125.20ml,한식
미더덕찜,찜류,77,103.9,7.7,1.82,,8.05,1.18,60.0,177.0,391,35.08,0.29,,,,,,118.90ml,한식
바지락찜,찜류,83,54.8,8.0,1.71,,9.15,4.59,49.0,205.0,830,6.02,0.32,,,,,,146.80ml,한식
세발낙지찜,찜류,74,59.5,5.5,4.31,,3.8,0.9,26.0,184.0,235,35.5,0.68,,,,,,600ml,한식
소고기스튜,찜류,187,77.9,10.1,11.65,,9.23,2.31,24.0,387.0,310,38.59,4.43,,,,,,127.60ml,한식
소고기찜,찜류,121,57.9,5.5,8.56,,5.17,2.73,13.0,213.0,163,23.45,3.33,,,,,,196.90ml,한식
연두부찜,찜류,65,90.4,5.1,3.3,,3.71,1.11,34.0,222.0,203,0.0,0.48,,,,,,158.90ml,한식
오징어찜,찜류,56,63.8,8.5,1.32,,2.61,0.73,31.0,207.0,113,85.77,0.26,,,,,,166.10ml,한식
갈치구이,구이류,147,49.5,12.65,9.81,,0.88,0.0,32.0,179.0,338,48.84,2.16,,,,,,140ml,한식
감자구이,구이류,123,98.6,2.4,4.65,,18.18,0.0,11.0,496.0,1,0.0,0.71,,,,,,108ml,한식
고등어구이,구이류,142,29.9,9.51,9.99,,2.69,0.0,14.0,146.0,207,27.09,2.35,,,,,,170ml,한식
굴비구이,구이류,122,8.7,11.83,7.4,,0.98,0.0,18.0,86.0,109,39.75,1.52,,,,,,75ml,한식
꽁치구이,구이류,80,29.2,9.39,3.97,,0.79,0.0,18.0,64.0,235,28.29,0.64,,,,,,205ml,한식
닭날개구이,구이류,218,81.9,21.6,12.64,,2.34,1.48,20.0,235.0,156,108.3,3.72,,,,,,105ml,한식
닭다리구이,구이류,227,73.7,20.2,14.82,,0.62,0.05,62.0,257.0,172,85.76,5.09,,,,,,100ml,한식
돼지갈비구이,구이류,132,36.3,8.0,7.78,,6.57,3.35,7.0,154.0,215,31.57,2.12,,,,,,180ml,한식
소내장구이,구이류,92,59.1,6.75,6.53,,0.75,0.1,9.0,90.0,57,120.37,1.83,,,,,,260ml,한식
오리고기로스,구이류,174,49.7,11.76,13.5,,0.5,0.28,12.0,162.0,161,64.01,4.34,,,,,,330ml,한식
옥돔구이,구이류,39,19.8,4.91,1.92,,0.11,0.0,9.0,1.0,33,23.02,0.34,,,,,,230ml,한식
옥수수구이,구이류,148,47.8,1.43,9.01,,15.41,4.0,5.0,130.0,173,3.84,1.55,,,,,,90ml,한식
전어구이,구이류,33,23.1,5.86,0.82,,0.06,0.0,44.0,1.0,193,21.38,0.25,,,,,,360ml,한식
참치구이,구이류,316,93.8,33.5,19.02,,0.05,0.0,39.0,468.0,1130,10.87,5.4,,,,,,64.40ml,한식
감자그라탕,구이류,140,99.4,3.9,6.26,,17.37,3.6,43.0,422.0,306,4.25,1.63,,,,,,101.30ml,한식
넙치구이,구이류,116,45.4,13.6,6.33,,0.03,0.0,38.0,286.0,615,25.28,0.91,,,,,,114.80ml,한식
느타리버섯 구이,구이류,60,78.9,2.1,4.44,,5.75,1.53,6.0,240.0,372,0.0,0.67,,,,,,90.90ml,한식
닭꼬치구이,구이류,181,104.4,32.1,2.58,,5.55,3.8,16.0,445.0,122,86.67,0.41,,,,,,90ml,한식
도다리구이,구이류,153,108.2,23.7,5.5,,0.71,0.0,31.0,4.0,1039,118.52,0.84,,,,,,79.20ml,한식
동태양념구이,구이류,130,113.3,21.7,3.56,,1.59,0.29,70.0,387.0,641,77.15,0.47,,,,,,75.20ml,한식
돼지고기 꼬치구이,구이류,179,90.2,26.9,5.86,,2.75,1.7,8.0,451.0,119,62.16,2.02,,,,,,105ml,한식
돼지고기 스테이크,구이류,113,63.3,13.5,3.61,,5.55,2.49,11.0,314.0,372,29.35,1.08,,,,,,111.20ml,한식
민어구이,구이류,106,55.6,12.6,5.53,,0.38,0.0,16.0,3.0,703,40.6,0.89,,,,,,100ml,한식
베이컨떡말이구이,구이류,240,74.4,6.3,10.61,,29.95,3.77,19.0,190.0,570,13.63,2.4,,,,,,126.60ml,한식
병어구이,구이류,244,98.8,21.4,16.23,,0.45,0.0,30.0,476.0,1559,90.24,3.92,,,,,,49.70ml,한식
북어양념구이,구이류,137,15.7,20.3,2.93,,6.62,2.29,95.0,341.0,285,50.61,0.38,,,,,,170ml,한식
새송이버섯 구이,구이류,61,78.4,2.3,4.54,,6.05,1.23,5.0,251.0,375,0.0,0.68,,,,,,90.90ml,한식
서대구이,구이류,161,106.5,25.1,5.77,,0.71,0.0,27.0,4.0,1177,101.01,0.9,,,,,,79.20ml,한식
소갈비 구이,구이류,298,76.4,14.4,21.6,,9.01,5.25,15.0,247.0,479,53.03,7.29,,,,,,216ml,한식
소곱창 구이,구이류,171,112.8,8.8,11.89,,3.71,2.43,19.0,186.0,296,190.33,2.84,,,,,,66.20ml,한식
소등심 스테이크,구이류,270,47.9,12.6,22.71,,0.86,0.33,13.0,221.0,360,67.81,9.63,,,,,,250ml,한식
소등심구이,구이류,318,56.2,15.9,26.71,,0.0,0.0,12.0,246.0,486,80.19,11.0,,,,,,176ml,한식
소안심스테이크,구이류,197,83.8,16.6,12.51,,2.64,1.57,13.0,380.0,242,52.59,5.39,,,,,,232ml,한식
쑥전(부침개),구이류,127,72.4,4.8,6.29,,13.44,0.02,87.0,501.0,538,34.08,1.12,,,,,,96.50ml,한식
양태구이,구이류,107,54.8,14.0,5.11,,0.1,0.0,71.0,3.0,672,39.9,0.76,,,,,,100ml,한식
오징어불고기,구이류,123,93.1,16.4,3.24,,7.2,2.76,23.0,399.0,366,186.37,0.59,,,,,,231.80ml,한식
우럭구이,구이류,111,54.5,13.5,5.67,,0.45,0.0,30.0,3.0,703,52.5,0.92,,,,,,100ml,한식
우엉 양념구이,구이류,67,29.2,1.7,1.41,,12.06,1.59,19.0,154.0,60,0.0,0.22,,,,,,216.20ml,한식
은대구구이,구이류,137,54.5,9.2,10.5,,0.03,0.0,74.0,190.0,762,53.2,2.14,,,,,,100ml,한식
장어 양념구이,구이류,331,84.7,16.5,21.42,,16.91,5.14,186.0,408.0,775,199.13,5.69,,,,,,68.90ml,한식
적어구이,구이류,174,107.8,20.9,9.04,,0.31,0.0,41.0,156.0,1203,69.39,1.32,,,,,,63.70ml,한식
전갱이구이,구이류,226,97.2,27.7,11.75,,0.17,0.0,34.0,5.0,1200,97.77,2.34,,,,,,56ml,한식
조기 양념구이,구이류,219,94.9,22.1,9.3,,10.96,5.69,48.0,458.0,1633,56.92,1.95,,,,,,69.80ml,한식
조기 오븐구이,구이류,40,15.2,5.9,1.58,,0.02,0.0,7.0,76.0,33,17.89,0.42,,,,,,80ml,한식
조미 김구이,구이류,52,0.6,1.9,4.81,,2.04,0.15,19.0,181.0,402,0.0,0.71,,,,,,50ml,한식
채소 꼬치구이,구이류,91,49.7,2.8,2.3,,14.29,0.98,38.0,154.0,406,11.61,0.52,,,,,,150ml,한식
청어구이,구이류,129,33.2,8.2,10.03,,0.22,0.0,18.0,1.0,391,32.5,1.85,,,,,,200ml,한식
칠면조구이,구이류,207,102.3,30.6,7.98,,0.96,0.11,21.0,332.0,551,101.17,2.06,,,,,,42.70ml,한식
키조개구이,구이류,75,71.8,8.7,3.41,,1.86,0.66,43.0,250.0,881,16.8,0.53,,,,,,100ml,한식
햄구이,구이류,148,69.7,20.2,6.51,,1.95,1.5,8.0,274.0,743,51.18,1.77,,,,,,61.30ml,한식
새송이버섯전,전·적 및 부침류,63,48.3,3.16,3.73,,5.89,0.17,8.0,154.0,93,41.21,0.74,,,,,,95ml,한식
어육소시지전,전·적 및 부침류,177,56.9,8.23,10.14,,12.73,2.04,32.0,54.0,441,72.72,2.82,,,,,,80ml,한식
완자전,전·적 및 부침류,214,42.9,7.1,15.49,,10.73,0.36,46.0,182.0,108,54.68,3.33,,,,,,150ml,한식
장떡,전·적 및 부침류,197,27.1,3.67,7.64,,27.28,2.26,16.0,106.0,267,0.0,1.16,,,,,,70ml,한식
파래전,전·적 및 부침류,197,29.9,4.74,5.03,,31.77,0.83,25.0,92.0,283,12.99,0.84,,,,,,40ml,한식
해물파전,전·적 및 부침류,106,36.4,6.0,3.99,,10.63,0.28,40.0,118.0,267,43.0,0.69,,,,,,153ml,한식
녹두전,전·적 및 부침류,92,20.3,5.0,4.27,,8.41,0.19,17.0,235.0,22,3.42,0.74,,,,,,158.90ml,한식
모듬채소전,전·적 및 부침류,154,36.4,3.4,5.65,,21.32,1.21,16.0,113.0,173,8.83,0.91,,,,,,110ml,한식
소고기 완자전,전·적 및 부침류,318,72.6,14.1,23.28,,10.08,0.19,37.0,219.0,480,79.79,7.21,,,,,,77.60ml,한식
양파 소고기전,전·적 및 부침류,155,73.7,5.0,10.63,,8.88,3.51,17.0,145.0,435,44.98,2.11,,,,,,82ml,한식
어묵전,전·적 및 부침류,334,74.4,15.3,13.86,,35.46,2.84,60.0,155.0,1116,118.46,2.65,,,,,,63.80ml,한식
오믈렛,전·적 및 부침류,78,33.5,4.5,5.82,,1.33,0.67,15.0,69.0,222,83.02,1.44,,,,,,198ml,한식
옥수수부침,전·적 및 부침류,176,63.9,3.0,7.95,,22.95,2.36,8.0,158.0,587,0.0,1.19,,,,,,130.90ml,한식
해물 완자전,전·적 및 부침류,206,85.5,15.4,10.71,,10.64,1.85,35.0,259.0,147,131.85,1.7,,,,,,75.20ml,한식
고추잡채,볶음류,67,62.4,4.18,3.91,,4.21,1.49,13.0,150.0,159,14.49,0.9,,,,,,400ml,한식
멸치볶음(멸치만),볶음류,114,11.2,14.9,3.41,,5.15,1.72,718.0,250.0,770,147.45,0.62,,,,,,80ml,한식
문어볶음,볶음류,67,59.8,5.9,2.63,,5.55,3.65,16.0,222.0,240,47.0,0.39,,,,,,223.40ml,한식
소고기볶음,볶음류,163,39.5,7.0,13.07,,3.12,1.34,19.0,166.0,316,32.03,4.75,,,,,,147.90ml,한식
오리볶음,볶음류,171,64.9,10.47,11.27,,7.3,2.65,20.0,247.0,254,52.0,3.59,,,,,,420ml,한식
죽순볶음,볶음류,133,88.7,4.3,10.85,,6.19,1.48,38.0,489.0,1,0.0,1.65,,,,,,58.50ml,한식
중식잡채,볶음류,83,39.9,2.3,2.24,,13.58,1.13,21.0,86.0,112,5.34,0.54,,,,,,450ml,한식
쫄볶이,볶음류,150,76.2,4.7,1.41,,29.37,3.97,42.0,129.0,652,10.84,0.58,,,,,,630ml,한식
표고버섯볶음,볶음류,35,54.6,1.7,2.11,,3.96,0.92,8.0,122.0,143,1.85,0.34,,,,,,110ml,한식
햄채소볶음,볶음류,67,41.0,6.3,3.03,,3.82,1.98,10.0,148.0,334,14.8,0.71,,,,,,210ml,한식
김치 돼지고기볶음,볶음류,113,69.8,8.1,6.61,,4.26,2.27,25.0,284.0,294,24.12,2.44,,,,,,50ml,한식
꽈리고추볶음,볶음류,145,68.2,2.4,9.86,,12.59,2.77,19.0,241.0,427,0.0,1.47,,,,,,78.60ml,한식
낙지 삼겹살 볶음,볶음류,151,53.0,9.1,10.55,,3.73,1.88,16.0,194.0,341,24.99,4.07,,,,,,255ml,한식
닭볶음,볶음류,137,73.3,14.7,3.01,,12.63,3.65,22.0,326.0,270,36.48,0.48,,,,,,280ml,한식
매운 어묵볶음,볶음류,90,31.1,5.1,2.93,,11.02,2.38,23.0,81.0,397,8.01,0.5,,,,,,100ml,한식
모듬버섯볶음,볶음류,69,85.0,3.0,4.56,,6.82,2.0,13.0,257.0,430,2.13,0.75,,,,,,100ml,한식
버섯 잡채,볶음류,149,57.6,4.8,12.22,,6.28,1.94,80.0,186.0,207,11.84,2.87,,,,,,200ml,한식
베이컨채소볶음,볶음류,142,98.5,6.3,8.81,,10.06,4.78,24.0,274.0,241,18.77,2.39,,,,,,129ml,한식
브로콜리 버섯볶음,볶음류,24,36.1,1.3,1.15,,2.99,0.59,17.0,121.0,140,0.63,0.2,,,,,,50ml,한식
소간 채소볶음,볶음류,120,98.9,10.5,5.29,,7.74,3.79,24.0,375.0,498,118.04,0.92,,,,,,104.20ml,한식
소고기채소볶음,볶음류,128,40.7,5.1,10.08,,3.35,2.21,11.0,136.0,116,22.89,3.51,,,,,,191.80ml,한식
소곱창 볶음,볶음류,178,95.4,9.0,13.58,,4.99,1.79,42.0,283.0,369,97.88,3.11,,,,,,99.20ml,한식
소시지 케첩볶음,볶음류,252,82.6,11.5,17.08,,12.93,4.63,30.0,395.0,631,44.92,4.75,,,,,,98.60ml,한식
어묵 감자볶음,볶음류,208,73.6,8.2,9.07,,23.66,4.39,37.0,240.0,559,12.31,1.45,,,,,,79.70ml,한식
어묵잡채,볶음류,126,46.8,6.5,6.53,,9.87,2.2,27.0,118.0,421,15.38,1.71,,,,,,237.60ml,한식
우엉볶음,볶음류,160,79.1,4.1,9.08,,16.33,2.75,62.0,447.0,457,0.0,1.37,,,,,,63.50ml,한식
제육볶음,볶음류,151,65.5,12.2,8.39,,5.73,2.94,10.0,270.0,220,37.43,3.09,,,,,,100ml,한식
콩나물잡채,볶음류,103,55.6,4.8,7.86,,3.76,1.63,30.0,170.0,150,12.0,2.24,,,,,,145.60ml,한식
피망볶음,볶음류,138,70.5,1.7,9.8,,11.12,2.4,20.0,181.0,427,0.0,1.46,,,,,,78.60ml,한식
호박고지볶음,볶음류,104,11.2,2.4,2.17,,20.28,9.98,60.0,548.0,911,0.0,0.32,,,,,,120ml,한식
달걀조림,조림류,109,51.8,9.01,4.79,,6.53,1.5,34.0,122.0,498,190.34,1.63,,,,,,80ml,한식
닭도리탕,조림류,78,44.6,6.51,3.34,,5.6,1.55,9.0,141.0,166,22.56,0.89,,,,,,450ml,한식
건갈치조림,조림류,96,39.8,11.2,3.68,,3.68,1.9,49.0,181.0,1051,45.24,1.0,,,,,,74.60ml,한식
게조림,조림류,21,20.9,4.2,0.18,,0.31,0.1,32.0,60.0,164,7.59,0.04,,,,,,800ml,한식
고구마조림,조림류,167,79.7,2.5,0.61,,38.53,10.99,28.0,456.0,848,0.0,0.13,,,,,,97ml,한식
곤약조림,조림류,31,82.7,0.8,1.46,,5.19,1.5,63.0,43.0,235,0.0,0.23,,,,,,122.90ml,한식
다시마조림,조림류,60,112.8,3.1,3.35,,6.96,0.96,109.0,1011.0,501,0.0,0.51,,,,,,64.20ml,한식
단호박조림,조림류,71,67.2,2.2,0.94,,15.15,4.38,19.0,400.0,815,0.0,0.16,,,,,,100ml,한식
도루묵조림,조림류,103,87.7,11.3,3.09,,5.73,1.7,20.0,124.0,314,62.99,0.66,,,,,,123.20ml,한식
돼지고기 장조림,조림류,150,70.1,16.3,5.6,,7.25,2.02,13.0,374.0,1228,42.33,1.98,,,,,,50ml,한식
메추리알 돼지고기장조림,조림류,131,61.2,12.5,6.35,,4.62,0.77,26.0,233.0,520,164.17,2.2,,,,,,80ml,한식
메추리알 어묵조림,조림류,156,66.4,9.3,6.19,,15.39,7.23,42.0,169.0,805,155.03,1.53,,,,,,67.20ml,한식
모듬 콩조림,조림류,181,8.3,11.1,9.11,,15.38,3.85,48.0,465.0,321,0.0,1.55,,,,,,15ml,한식
새우조림,조림류,72,44.4,8.8,2.26,,3.62,0.63,44.0,148.0,360,66.84,1.21,,,,,,322ml,한식
소고기 장조림,조림류,188,60.7,14.9,10.52,,6.9,1.39,15.0,282.0,840,73.15,3.76,,,,,,50ml,한식
완자조림,조림류,168,76.9,14.2,6.25,,12.47,2.48,31.0,248.0,223,55.36,1.38,,,,,,137.40ml,한식
적어조림,조림류,54,64.8,7.0,0.95,,3.33,1.09,21.0,142.0,142,21.68,0.14,,,,,,203.90ml,한식
전어조림,조림류,60,63.5,9.0,1.22,,1.9,0.69,69.0,77.0,93,31.13,0.36,,,,,,157.40ml,한식
콩조림,조림류,198,14.8,13.5,6.44,,22.36,6.45,70.0,667.0,620,0.0,0.95,,,,,,95ml,한식
깐쇼새우,튀김류,150,43.3,7.9,6.28,,14.7,5.31,27.0,113.0,266,65.29,1.25,,,,,,330ml,한식
북어강정,튀김류,478,70.0,20.9,24.43,,42.51,7.38,61.0,371.0,2644,57.09,3.65,,,,,,32.10ml,한식
탕수육,튀김류,113,42.9,6.7,4.4,,11.21,3.33,9.0,156.0,146,31.11,0.98,,,,,,343ml,한식
새우튀김,튀김류,145,50.4,7.1,5.52,,16.54,2.22,30.0,105.0,322,28.44,0.84,,,,,,117.60ml,한식
오징어튀김,튀김류,81,21.6,5.2,4.69,,3.83,0.05,6.0,94.0,151,62.14,0.76,,,,,,100ml,한식
가자미튀김,튀김류,94,16.1,5.1,6.54,,2.89,0.0,10.0,87.0,215,21.52,0.99,,,,,,100ml,한식
가지탕수,튀김류,154,69.0,2.2,6.5,,21.21,4.19,21.0,187.0,236,0.0,0.99,,,,,,195.40ml,한식
갈치튀김,튀김류,78,17.5,4.6,5.47,,1.85,0.0,12.0,65.0,172,17.96,1.06,,,,,,100ml,한식
게맛살튀김,튀김류,213,38.2,6.1,8.61,,26.31,1.57,151.0,55.0,440,24.1,1.41,,,,,,167.40ml,한식
고구마깻잎튀김,튀김류,169,42.5,2.6,4.0,,29.95,4.94,41.0,241.0,354,21.97,0.72,,,,,,149.70ml,한식
고등어튀김,튀김류,126,20.0,6.2,9.68,,2.29,0.08,10.0,97.0,262,17.73,1.91,,,,,,100ml,한식
김부각,튀김류,415,8.8,14.9,18.8,,55.06,0.81,136.0,963.0,342,0.0,2.86,,,,,,19ml,한식
깐풍기,튀김류,190,53.2,13.3,7.7,,16.42,3.38,16.0,354.0,140,46.64,1.26,,,,,,180ml,한식
깻잎튀김,튀김류,238,56.2,7.0,13.75,,20.56,0.09,127.0,210.0,552,100.63,2.52,,,,,,60.30ml,한식
꽁치튀김,튀김류,105,16.2,5.3,7.84,,2.41,0.0,11.0,38.0,222,16.61,1.2,,,,,,100ml,한식
느타리버섯튀김,튀김류,227,58.7,6.4,13.64,,19.17,0.33,28.0,155.0,552,100.63,2.48,,,,,,60.30ml,한식
달걀튀김,튀김류,256,50.2,10.2,16.26,,14.74,0.58,33.0,103.0,121,190.8,3.31,,,,,,92.20ml,한식
닭강정,튀김류,219,63.8,17.9,6.21,,21.41,4.63,12.0,268.0,174,62.51,1.01,,,,,,183.90ml,한식
닭고기 탕수,튀김류,95,49.6,7.4,3.15,,8.8,2.66,10.0,162.0,60,41.01,0.64,,,,,,230ml,한식
대구튀김,튀김류,285,108.5,27.0,12.5,,13.28,0.02,54.0,47.0,1367,133.8,2.1,,,,,,82.90ml,한식
도라지튀김,튀김류,161,68.4,5.2,7.87,,16.74,0.69,37.0,179.0,425,70.54,1.5,,,,,,86ml,한식
도미튀김,튀김류,301,102.2,25.9,12.22,,18.9,0.02,41.0,55.0,1720,137.43,2.3,,,,,,61.80ml,한식
동태튀김,튀김류,146,51.8,10.7,7.22,,8.19,0.01,33.0,155.0,819,56.27,1.16,,,,,,120.90ml,한식
돼지갈비강정,튀김류,382,107.8,25.8,19.89,,20.7,3.79,16.0,511.0,539,92.28,6.22,,,,,,90.40ml,한식
돼지고기강정,튀김류,174,51.1,14.7,8.47,,8.36,1.96,10.0,238.0,515,59.61,1.83,,,,,,163.50ml,한식
돼지고기튀김,튀김류,222,69.9,20.9,11.67,,6.24,0.02,13.0,334.0,513,85.78,2.72,,,,,,73.40ml,한식
두부 탕수,튀김류,113,56.2,4.2,4.35,,14.02,3.1,31.0,130.0,587,0.0,0.65,,,,,,200ml,한식
두부튀김,튀김류,128,56.1,6.7,6.5,,10.08,0.85,41.0,135.0,276,20.66,1.06,,,,,,146.80ml,한식
등심돈가스,튀김류,190,47.1,14.3,7.7,,13.9,1.01,17.0,254.0,433,57.74,1.81,,,,,,213ml,한식
비프까스,튀김류,208,38.8,8.1,13.68,,12.25,2.51,14.0,148.0,261,57.57,4.78,,,,,,275ml,한식
새우 탕수,튀김류,248,116.4,18.2,9.94,,19.95,8.38,76.0,317.0,390,172.57,1.63,,,,,,105.80ml,한식
소고기튀김,튀김류,258,42.3,10.4,18.92,,10.11,1.88,15.0,196.0,428,70.28,6.59,,,,,,114.20ml,한식
소시지튀김,튀김류,309,55.7,13.8,18.67,,19.73,1.34,24.0,190.0,945,123.11,4.83,,,,,,75.70ml,한식
식빵튀김,튀김류,309,27.3,7.1,11.63,,43.69,7.92,21.0,77.0,404,0.0,3.4,,,,,,63.80ml,한식
쑥튀김,튀김류,234,57.2,6.6,13.71,,19.95,0.09,65.0,286.0,552,100.63,2.5,,,,,,60.30ml,한식
양념 돼지고기튀김,튀김류,189,47.6,12.9,8.58,,13.89,2.19,11.0,241.0,347,40.52,1.81,,,,,,192.50ml,한식
어묵튀김,튀김류,180,45.4,8.5,9.03,,15.34,1.9,38.0,85.0,798,58.84,1.64,,,,,,94ml,한식
연근튀김,튀김류,156,51.3,3.1,8.36,,16.27,0.94,27.0,273.0,389,37.79,1.41,,,,,,120.40ml,한식
오징어탕수,튀김류,158,50.6,8.3,7.51,,13.13,3.54,18.0,184.0,248,106.27,1.31,,,,,,191.80ml,한식
우럭튀김,튀김류,289,102.1,24.7,12.12,,19.21,0.02,77.0,553.0,1919,52.28,2.29,,,,,,61.80ml,한식
임연수튀김,튀김류,369,97.6,26.5,20.0,,17.54,0.03,39.0,51.0,1139,125.29,3.72,,,,,,71.70ml,한식
잔멸치 튀김,튀김류,67,4.0,4.0,4.12,,2.9,0.0,54.0,51.0,510,36.92,0.66,,,,,,235.60ml,한식
조기튀김,튀김류,144,55.3,13.4,7.77,,3.62,0.01,19.0,224.0,84,60.51,1.6,,,,,,111.40ml,한식
채소튀김,튀김류,101,22.3,1.3,5.28,,11.65,1.45,11.0,95.0,138,5.64,0.82,,,,,,100ml,한식
탕수어,튀김류,281,105.8,12.6,7.71,,38.96,8.41,45.0,300.0,322,64.74,1.26,,,,,,113.50ml,한식
시래기나물,나물·숙채류,60,75.2,2.1,1.78,,10.61,3.32,90.0,75.0,1032,0.0,0.29,,,,,,100ml,한식
청경채나물,나물·숙채류,14,56.8,1.06,0.58,,1.59,0.23,53.0,224.0,156,0.02,0.09,,,,,,100ml,한식
고사리나물,나물·숙채류,34,82.3,2.7,1.65,,3.57,0.43,18.0,188.0,166,0.01,0.26,,,,,,60ml,한식
고춧잎나물,나물·숙채류,30,29.4,2.1,1.44,,3.33,0.04,129.0,212.0,159,0.0,0.22,,,,,,60ml,한식
근대나물,나물·숙채류,56,88.7,2.5,2.85,,6.4,0.88,56.0,557.0,460,0.0,0.45,,,,,,100ml,한식
냉이초나물,나물·숙채류,77,78.7,4.2,2.47,,12.32,2.92,162.0,262.0,261,0.0,0.41,,,,,,100ml,한식
도라지나물,나물·숙채류,36,34.4,0.8,1.47,,5.35,0.48,19.0,99.0,133,0.0,0.2,,,,,,60ml,한식
머위나물,나물·숙채류,25,38.0,1.5,1.34,,2.42,0.41,46.0,224.0,184,0.0,0.16,,,,,,60ml,한식
무나물,나물·숙채류,28,79.7,0.7,1.14,,3.86,1.53,22.0,225.0,136,0.0,0.12,,,,,,60ml,한식
무청나물,나물·숙채류,80,71.4,2.8,5.44,,6.04,0.32,251.0,316.0,367,0.0,0.81,,,,,,100ml,한식
민들레무침,나물·숙채류,27,36.9,1.2,0.72,,4.56,1.61,47.0,230.0,244,0.0,0.1,,,,,,50ml,한식
부추나물,나물·숙채류,18,40.9,1.2,0.88,,1.99,0.89,20.0,12.0,137,0.0,0.15,,,,,,50ml,한식
비름나물,나물·숙채류,27,53.6,1.9,0.99,,3.82,0.74,86.0,388.0,149,0.01,0.16,,,,,,50ml,한식
쑥갓나물,나물·숙채류,19,54.4,1.3,0.95,,1.85,0.1,56.0,147.0,282,0.0,0.14,,,,,,50ml,한식
씀바귀나물,나물·숙채류,38,29.6,1.5,1.11,,6.54,1.87,30.0,190.0,296,0.0,0.16,,,,,,60ml,한식
애호박나물,나물·숙채류,37,93.1,1.3,1.44,,5.51,2.64,21.0,228.0,162,0.94,0.21,,,,,,50ml,한식
양배추 초나물,나물·숙채류,66,68.1,2.0,2.75,,9.44,5.6,44.0,219.0,175,0.0,0.43,,,,,,113.30ml,한식
얼갈이 나물,나물·숙채류,48,79.9,1.9,3.05,,4.0,0.68,175.0,186.0,1483,0.0,0.47,,,,,,100ml,한식
오이나물,나물·숙채류,73,68.0,1.3,6.42,,2.96,1.04,22.0,153.0,313,0.0,0.96,,,,,,108.10ml,한식
토란대나물,나물·숙채류,32,41.0,0.9,1.68,,3.88,1.12,64.0,125.0,174,0.01,0.17,,,,,,50ml,한식
간재미회무침,생채·무침류,47,48.1,4.73,0.47,,6.47,3.57,54.0,154.0,164,16.06,0.09,,,,,,270ml,한식
개고기무침,생채·무침류,121,49.3,7.63,8.82,,3.76,0.9,42.0,195.0,111,13.49,1.64,,,,,,620ml,한식
과일샐러드,생채·무침류,75,39.3,0.38,5.49,,6.74,4.79,6.0,74.0,37,1.73,0.81,,,,,,150ml,한식
도토리묵무침,생채·무침류,56,80.0,0.6,0.59,,12.04,0.08,18.0,35.0,179,0.0,0.1,,,,,,100ml,한식
돌나물,생채·무침류,24,26.5,0.64,0.39,,5.23,2.46,48.0,81.0,154,0.0,0.07,,,,,,90ml,한식
두릅무침,생채·무침류,74,60.4,3.4,2.58,,11.6,3.83,44.0,397.0,1476,0.0,0.42,,,,,,85.20ml,한식
마늘장아찌무침,생채·무침류,99,44.3,1.88,0.7,,21.85,11.66,10.0,90.0,805,0.0,0.12,,,,,,40ml,한식
얼갈이 겉절이,생채·무침류,21,39.5,1.12,0.51,,3.61,1.17,74.0,143.0,173,0.01,0.09,,,,,,110ml,한식
오이무침,생채·무침류,35,75.1,1.3,1.28,,5.44,3.18,20.0,193.0,3,0.0,0.2,,,,,,108.20ml,한식
참나물 겉절이,생채·무침류,17,37.2,0.8,0.72,,2.43,0.48,24.0,229.0,98,0.0,0.11,,,,,,50ml,한식
청포묵 무침,생채·무침류,43,61.4,1.3,1.68,,6.54,0.72,11.0,55.0,282,5.92,0.27,,,,,,150ml,한식
풋고추된장무침,생채·무침류,45,44.5,1.9,0.92,,7.94,2.16,16.0,174.0,390,0.0,0.15,,,,,,50ml,한식
가오리회무침,생채·무침류,47,48.1,4.7,0.47,,6.47,3.54,54.0,154.0,164,16.06,0.09,,,,,,270ml,한식
감자샐러드,생채·무침류,161,76.3,2.7,9.97,,15.59,3.11,18.0,327.0,308,14.23,1.56,,,,,,80ml,한식
겨자채,생채·무침류,120,46.8,5.4,8.88,,4.02,2.31,13.0,155.0,18,23.69,3.39,,,,,,150ml,한식
단호박 샐러드,생채·무침류,125,57.7,1.2,9.28,,10.27,3.45,9.0,263.0,84,5.57,1.36,,,,,,50ml,한식
달걀 샐러드,생채·무침류,165,65.2,6.0,13.17,,5.49,0.83,22.0,198.0,181,83.91,2.67,,,,,,159.50ml,한식
닭고기냉채,생채·무침류,72,84.8,10.8,0.92,,5.72,3.23,40.0,296.0,21,22.44,0.24,,,,,,150ml,한식
닭튀김 샐러드,생채·무침류,79,23.9,3.8,5.3,,3.98,1.0,12.0,89.0,102,11.98,0.91,,,,,,300ml,한식
두부냉채,생채·무침류,94,70.8,7.9,5.0,,4.57,1.29,40.0,185.0,280,7.37,1.33,,,,,,150ml,한식
마늘쫑장아찌무침,생채·무침류,79,32.7,1.3,0.58,,17.75,8.15,15.0,96.0,706,0.0,0.1,,,,,,50ml,한식
마카로니 샐러드,생채·무침류,100,45.5,4.1,5.56,,8.13,0.78,14.0,100.0,247,32.3,1.24,,,,,,220ml,한식
메밀묵 무침,생채·무침류,65,95.0,1.6,1.27,,12.05,1.46,18.0,135.0,249,0.0,0.21,,,,,,144.50ml,한식
멕시컨샐러드,생채·무침류,96,54.3,3.7,5.94,,7.11,4.36,16.0,153.0,206,48.15,1.19,,,,,,200ml,한식
문어무침,생채·무침류,63,84.2,7.2,1.95,,4.91,1.6,23.0,281.0,333,57.47,0.28,,,,,,130.50ml,한식
미역 오이무침,생채·무침류,61,85.8,1.8,1.75,,12.32,6.34,87.0,113.0,817,0.0,0.28,,,,,,100ml,한식
뱅어포무침,생채·무침류,371,20.4,43.7,16.11,,10.32,4.94,714.0,901.0,1136,788.02,3.28,,,,,,29ml,한식
부추 겉절이,생채·무침류,24,32.7,1.3,1.11,,3.38,1.57,18.0,91.0,178,0.0,0.15,,,,,,50ml,한식
부추 채소무침,생채·무침류,22,36.1,1.1,0.67,,4.01,2.24,18.0,85.0,171,0.0,0.08,,,,,,50ml,한식
부추 초무침,생채·무침류,23,33.4,1.1,0.78,,3.66,1.76,14.0,63.0,187,0.0,0.13,,,,,,50ml,한식
브로콜리 두부무침,생채·무침류,35,42.3,2.0,0.72,,6.17,2.31,22.0,153.0,167,2.47,0.12,,,,,,50ml,한식
브로콜리무침,생채·무침류,32,39.1,1.6,0.25,,7.01,2.9,16.0,147.0,175,5.57,0.06,,,,,,50ml,한식
삼색냉채,생채·무침류,68,84.0,5.6,1.9,,7.21,3.99,23.0,243.0,365,53.4,0.66,,,,,,150ml,한식
새싹 샐러드,생채·무침류,117,63.8,1.4,10.6,,5.01,2.49,23.0,134.0,74,3.03,1.56,,,,,,104.40ml,한식
새우무침,생채·무침류,321,21.5,37.0,11.77,,15.47,8.04,1856.0,91.0,462,411.08,1.77,,,,,,27ml,한식
소라무침,생채·무침류,122,69.8,18.7,1.58,,7.46,2.0,85.0,72.0,55,42.2,0.26,,,,,,91ml,한식
시금치 겉절이,생채·무침류,54,69.3,3.0,2.51,,6.28,1.47,40.0,602.0,357,0.0,0.39,,,,,,80.90ml,한식
쑥갓오이무침,생채·무침류,37,73.9,1.9,1.06,,5.57,0.38,59.0,209.0,156,0.0,0.17,,,,,,126.40ml,한식
양념 도토리묵,생채·무침류,55,70.2,1.1,1.27,,9.91,0.15,17.0,64.0,363,0.0,0.2,,,,,,116.90ml,한식
양배추 겉절이,생채·무침류,39,72.2,1.7,1.24,,6.5,3.21,33.0,229.0,388,0.0,0.19,,,,,,114.60ml,한식
양배추 샐러드,생채·무침류,99,46.8,0.9,8.95,,4.32,2.2,20.0,123.0,145,2.59,1.3,,,,,,122.20ml,한식
양배추부추무침,생채·무침류,34,72.7,1.9,0.51,,6.71,3.44,33.0,151.0,327,0.0,0.09,,,,,,90.60ml,한식
양상추 샐러드,생채·무침류,78,42.8,1.1,6.29,,4.84,3.25,14.0,92.0,87,12.41,0.96,,,,,,85ml,한식
어묵 오이무침,생채·무침류,128,76.0,7.7,3.07,,18.13,5.45,44.0,189.0,532,11.53,0.56,,,,,,105.70ml,한식
오이 도라지 생채,생채·무침류,41,55.2,1.3,0.52,,8.78,3.71,20.0,184.0,220,0.0,0.09,,,,,,130ml,한식
오이고추 된장무침,생채·무침류,32,39.7,1.4,0.91,,5.18,1.46,13.0,135.0,313,0.0,0.15,,,,,,50ml,한식
오이부추무침,생채·무침류,26,36.6,0.9,0.35,,5.68,2.62,11.0,111.0,206,0.0,0.07,,,,,,50ml,한식
옥수수샐러드,생채·무침류,129,54.4,1.3,8.31,,12.49,4.09,12.0,139.0,171,2.44,1.2,,,,,,130ml,한식
유채무침,생채·무침류,60,65.3,3.4,0.67,,12.47,6.2,119.0,340.0,227,0.0,0.12,,,,,,79.20ml,한식
쥐포무침,생채·무침류,298,28.9,26.1,7.41,,32.77,21.73,91.0,455.0,1381,62.65,1.23,,,,,,31ml,한식
짜사이무침,생채·무침류,43,58.2,0.4,3.04,,3.66,2.8,25.0,42.0,947,0.0,0.46,,,,,,50ml,한식
참치 샐러드,생채·무침류,200,60.2,10.8,16.18,,2.96,1.96,11.0,180.0,151,23.3,2.03,,,,,,101.60ml,한식
천사채무침,생채·무침류,73,51.6,3.3,5.51,,2.95,0.65,30.0,97.0,248,32.3,1.23,,,,,,220ml,한식
치커리무침,생채·무침류,16,20.8,0.8,0.48,,2.35,0.69,23.0,108.0,171,0.0,0.08,,,,,,151.10ml,한식
콩나물 느타리무침,생채·무침류,46,67.0,3.1,2.8,,4.31,0.59,24.0,209.0,193,0.0,0.44,,,,,,100ml,한식
콩나물냉채,생채·무침류,27,45.6,2.1,0.79,,4.05,1.91,26.0,108.0,202,0.1,0.14,,,,,,50ml,한식
해파리냉채,생채·무침류,31,58.7,1.5,0.46,,5.64,3.23,33.0,67.0,321,0.97,0.07,,,,,,85ml,한식
햄샐러드,생채·무침류,149,61.5,4.4,7.38,,16.65,5.87,25.0,212.0,178,8.45,1.58,,,,,,158.30ml,한식
홍어회무침,생채·무침류,83,60.6,7.5,2.13,,8.81,5.44,115.0,226.0,797,30.31,0.34,,,,,,175ml,한식
가지김치,김치류,36,81.1,2.1,0.77,,6.22,2.45,62.0,292.0,1592,5.54,0.15,,,,,,100ml,한식
섞박지,김치류,41,123.5,2.3,0.84,,7.43,2.77,61.0,446.0,2027,1.47,0.18,,,,,,93.50ml,한식
양념채김치,김치류,53,74.8,3.3,1.55,,7.5,3.61,112.0,309.0,1065,8.59,0.27,,,,,,190.30ml,한식
오이 물김치,김치류,51,103.1,2.9,1.3,,8.73,4.21,79.0,340.0,2268,5.54,0.22,,,,,,100ml,한식
양념 바지락젓,젓갈류,50,56.2,5.8,1.97,,2.07,0.81,89.0,40.0,1,6.27,0.26,,,,,,12.50ml,한식
양념 새우젓,젓갈류,67,55.3,7.3,1.5,,6.78,1.5,290.0,343.0,5863,85.38,0.34,,,,,,15ml,한식
양념 오징어젓,젓갈류,60,52.7,7.9,1.08,,4.81,1.22,76.0,219.0,1858,93.45,0.22,,,,,,15ml,한식
무말랭이장아찌,장아찌·절임류,117,8.0,4.1,3.23,,18.34,6.61,97.0,730.0,1287,0.0,0.51,,,,,,94.20ml,한식
무숙장아찌,장아찌·절임류,93,60.2,3.7,6.44,,4.78,2.36,26.0,207.0,1391,12.6,2.07,,,,,,94ml,한식
짜장소스,"장류, 양념류",101,62.9,4.3,3.71,,12.86,4.15,24.0,233.0,538,6.98,0.71,,,,,,200ml,한식
카레소스,"장류, 양념류",70,40.0,2.7,2.33,,9.75,2.22,17.0,178.0,376,3.51,1.06,,,,,,290ml,한식
고춧가루 양념장,"장류, 양념류",140,40.5,5.9,7.19,,14.39,1.95,85.0,449.0,1416,0.0,1.12,,,,,,115ml,한식
기름장,"장류, 양념류",640,0.3,0.2,69.06,,0.92,0.01,44.0,86.0,7518,0.0,10.06,,,,,,10ml,한식
쌈장,"장류, 양념류",142,31.2,6.5,4.55,,20.13,8.46,54.0,360.0,2335,0.0,0.75,,,,,,22.10ml,한식
초간장,"장류, 양념류",72,72.4,6.6,0.0,,11.33,0.0,19.0,412.0,3189,0.0,0.0,,,,,,15ml,한식
팥빙수,유제품류 및 빙과류,99,13.3,2.4,0.81,,20.82,11.38,16.0,115.0,34,2.37,0.47,,,,,,300ml,한식
두유 카페라떼,음료 및 차류,30,50.9,1.4,1.76,,2.12,1.34,36.0,122.0,32,0.0,0.32,,,,,,355ml,한식
딸기넥타,음료 및 차류,31,40.9,0.4,0.09,,7.96,6.39,7.0,82.0,6,0.0,0.01,,,,,,355ml,한식
딸기바나나 스무디,음료 및 차류,54,62.5,1.1,0.68,,11.75,9.34,29.0,151.0,11,1.77,0.4,,,,,,355ml,한식
미숫가루(선식)음료,음료 및 차류,128,0.4,2.9,1.1,,27.73,12.67,11.0,126.0,1,0.0,0.22,,,,,,100ml,한식
수박화채,음료 및 차류,42,89.9,1.2,0.87,,7.79,5.78,32.0,90.0,9,2.47,0.56,,,,,,200ml,한식
아이스 카페라떼,음료 및 차류,31,50.2,1.4,1.5,,3.05,1.83,51.0,118.0,16,4.28,0.97,,,,,,355ml,한식
아이스 카페모카,음료 및 차류,58,50.9,1.6,1.53,,9.65,6.79,55.0,140.0,24,4.06,1.0,,,,,,355ml,한식
율무차,음료 및 차류,66,0.3,0.9,1.72,,11.85,7.33,5.0,59.0,62,0.0,0.79,,,,,,100ml,한식
카페라떼,음료 및 차류,38,58.2,1.7,1.83,,3.57,2.24,62.0,129.0,20,5.25,1.18,,,,,,355ml,한식
카페모카,음료 및 차류,63,60.5,1.9,1.9,,9.64,6.78,67.0,149.0,28,5.23,1.24,,,,,,355ml,한식
커피(타먹는커피),음료 및 차류,51,0.2,0.5,1.17,,9.81,6.15,17.0,124.0,2,0.0,1.1,,,,,,100ml,한식
감자범벅,"곡류, 서류 제품",95,94.8,2.3,0.05,,21.91,4.44,11.0,479.0,600,0.0,0.04,,,,,,112.30ml,한식
파강회,"채소, 해조류",42,37.5,1.2,1.71,,6.33,3.39,38.0,165.0,276,0.0,0.29,,,,,,85ml,한식
모듬회,수·조·어·육류,133,82.0,22.5,2.31,,5.15,2.44,42.0,327.0,493,42.14,0.44,,,,,,150ml,한식
고구마밥,밥류,139,13.0,2.3,0.35,,30.44,1.6,4.0,82.0,2,0.0,0.1,,,,,,216ml,한식
밤밥,밥류,152,9.8,3.4,0.23,,32.65,0.42,6.0,147.0,3,0.0,0.07,,,,,,209.80ml,한식
소고기 덮밥,밥류,120,21.6,3.3,3.07,,18.92,0.69,6.0,77.0,77,8.5,1.23,,,,,,387.90ml,한식
순 현미밥,밥류,129,4.1,2.6,0.72,,27.59,0.41,1.0,92.0,8,0.0,0.17,,,,,,250ml,한식
오징어 덮밥,밥류,94,25.0,4.4,0.47,,17.35,1.09,5.0,107.0,78,35.06,0.12,,,,,,420ml,한식
채소밥,밥류,114,19.3,2.6,0.91,,23.06,0.35,7.0,88.0,134,0.0,0.18,,,,,,267.30ml,한식
김치 고기만두,면 및 만두류,294,82.5,16.2,5.26,,42.38,1.44,36.0,392.0,552,23.02,1.26,,,,,,82ml,한식
감자스프,죽 및 스프류,86,56.6,2.9,4.45,,8.13,2.33,57.0,125.0,20,12.77,2.5,,,,,,200ml,한식
들깨죽,죽 및 스프류,155,3.5,3.8,5.9,,21.49,0.26,40.0,80.0,631,0.0,0.63,,,,,,128ml,한식
애호박죽,죽 및 스프류,77,19.3,1.4,0.96,,15.0,0.43,5.0,75.0,57,0.0,0.16,,,,,,171.50ml,한식
찹쌀죽,죽 및 스프류,63,2.3,1.1,0.27,,13.39,0.05,1.0,18.0,130,0.0,0.06,,,,,,291.90ml,한식
흰죽,죽 및 스프류,64,2.2,1.2,0.28,,13.49,0.09,1.0,16.0,130,0.0,0.07,,,,,,291.90ml,한식
들깨국,국 및 탕류,14,71.8,0.58,0.76,,1.42,0.33,12.0,82.0,110,0.0,0.06,,,,,,190ml,한식
배추국,국 및 탕류,9,19.5,1.3,0.1,,0.89,0.37,43.0,74.0,113,10.5,0.03,,,,,,165.60ml,한식
소고기육개장,국 및 탕류,26,62.5,2.07,1.46,,1.38,0.32,13.0,92.0,105,9.16,0.44,,,,,,200ml,한식
굴 미역국,국 및 탕류,16,10.8,1.9,0.47,,1.9,0.12,83.0,229.0,382,1.46,0.09,,,,,,280ml,한식
달래 된장국,국 및 탕류,39,32.8,3.0,1.85,,2.55,0.79,19.0,99.0,188,3.84,0.46,,,,,,243.40ml,한식
대합 미역국,국 및 탕류,7,4.7,0.8,0.24,,0.57,0.04,14.0,41.0,123,2.07,0.03,,,,,,227.70ml,한식
바지락국,국 및 탕류,17,17.2,2.2,0.52,,0.74,0.11,14.0,28.0,225,1.23,0.09,,,,,,203.30ml,한식
소고기 무국,국 및 탕류,23,13.9,1.6,1.49,,0.53,0.17,3.0,51.0,135,5.2,0.46,,,,,,251.90ml,한식
양배추 된장국,국 및 탕류,34,34.1,2.9,0.89,,3.93,1.61,50.0,128.0,313,9.07,0.16,,,,,,184.40ml,한식
열무 된장국,국 및 탕류,20,26.7,2.1,0.51,,2.09,0.48,65.0,136.0,338,7.89,0.1,,,,,,152.50ml,한식
청포묵국,국 및 탕류,44,33.5,2.9,2.62,,2.16,0.16,6.0,85.0,55,9.19,0.81,,,,,,142.60ml,한식
콩나물 된장국,국 및 탕류,26,25.7,2.6,0.7,,3.0,0.82,43.0,107.0,292,2.37,0.13,,,,,,164.40ml,한식
호박잎 된장국,국 및 탕류,17,133.5,1.3,0.37,,2.53,0.54,32.0,151.0,183,0.06,0.06,,,,,,180ml,한식
홍합 무국,국 및 탕류,19,28.3,2.7,0.24,,1.36,0.2,30.0,60.0,85,8.35,0.06,,,,,,170.70ml,한식
두부찌개,찌개 및 전골류,30,23.3,2.3,0.79,,3.75,1.02,33.0,110.0,202,1.58,0.13,,,,,,222.80ml,한식
굴 두부찌개,찌개 및 전골류,21,26.3,2.2,0.66,,1.48,0.44,29.0,50.0,98,4.11,0.1,,,,,,326.70ml,한식
두부 명란찌개,찌개 및 전골류,33,22.9,3.5,1.07,,2.72,0.66,14.0,64.0,238,26.41,0.16,,,,,,170.60ml,한식
두부 애호박찌개,찌개 및 전골류,27,29.5,2.0,0.62,,3.6,0.88,26.0,99.0,61,4.84,0.11,,,,,,234.60ml,한식
명란찌개,찌개 및 전골류,27,23.1,3.1,0.58,,2.74,0.84,10.0,79.0,367,44.64,0.08,,,,,,263.30ml,한식
소고기 떡찜,찜류,303,65.2,10.6,14.48,,32.19,1.45,18.0,255.0,357,37.11,5.4,,,,,,78.40ml,한식
소사태찜,찜류,137,96.2,12.6,4.65,,10.44,2.9,18.0,394.0,246,29.09,1.25,,,,,,95.30ml,한식
제육(돼지고기 수육),찜류,139,44.5,11.9,8.5,,2.4,0.75,12.0,224.0,248,40.48,3.06,,,,,,80ml,한식
삼치 양념구이,구이류,189,97.6,22.8,4.14,,15.38,4.18,27.0,619.0,570,73.47,0.96,,,,,,68.60ml,한식
삼치 카레구이,구이류,213,100.9,27.1,9.05,,3.71,0.44,12.0,546.0,320,95.4,2.26,,,,,,75.60ml,한식
햄전,전·적 및 부침류,200,42.2,10.2,13.66,,8.23,0.78,21.0,181.0,300,71.53,3.71,,,,,,56.90ml,한식
애호박부침개,전·적 및 부침류,159,58.5,4.6,6.56,,19.42,1.2,19.0,153.0,429,48.65,1.22,,,,,,53.40ml,한식
연근전,전·적 및 부침류,82,29.9,1.9,3.52,,10.21,0.57,12.0,163.0,14,16.93,0.6,,,,,,108.40ml,한식
참치 완자전,전·적 및 부침류,220,96.5,18.8,8.84,,14.84,1.73,30.0,395.0,962,68.45,1.37,,,,,,57.80ml,한식
해물 채소전,전·적 및 부침류,195,58.6,10.7,7.77,,18.92,1.24,30.0,190.0,267,92.27,1.34,,,,,,60ml,한식
고추장볶음,볶음류,235,83.0,8.96,4.85,,43.37,19.22,25.0,418.0,1562,17.21,1.38,,,,,,20ml,한식
파래볶음,볶음류,61,48.7,1.2,5.95,,1.85,0.07,28.0,73.0,60,0.0,0.89,,,,,,50.70ml,한식
돼지고기 피망잡채,볶음류,95,60.9,9.5,3.95,,5.09,2.07,9.0,225.0,266,26.49,1.11,,,,,,170ml,한식
부추잡채,볶음류,75,44.9,4.9,4.36,,3.89,2.71,13.0,113.0,177,9.29,0.82,,,,,,86.50ml,한식
세발낙지볶음,볶음류,88,110.5,11.6,0.9,,8.35,3.09,27.0,354.0,367,85.95,0.27,,,,,,110ml,한식
양념두부,볶음류,68,51.3,6.2,3.39,,2.99,0.09,41.0,105.0,105,0.0,0.51,,,,,,66.40ml,한식
폭찹,볶음류,124,56.5,12.2,5.35,,5.73,3.49,8.0,275.0,164,27.47,1.3,,,,,,99ml,한식
꽈리고추 오징어조림,조림류,135,34.2,14.3,5.67,,6.39,3.45,60.0,259.0,388,182.89,0.98,,,,,,87.70ml,한식
닭다리조림,조림류,179,77.6,14.0,8.87,,9.13,3.22,23.0,305.0,153,55.34,2.67,,,,,,80.40ml,한식
마늘쫑조림,조림류,217,140.8,4.9,10.6,,31.38,10.19,93.0,426.0,956,0.0,1.62,,,,,,46.10ml,한식
메추리알장조림,조림류,151,79.8,11.3,6.79,,8.89,2.55,51.0,217.0,983,301.21,2.15,,,,,,61.50ml,한식
삶은 땅콩 조림,조림류,190,25.9,6.8,9.74,,21.15,3.82,27.0,122.0,756,0.0,1.35,,,,,,65.50ml,한식
임연수조림,조림류,144,94.5,15.9,5.54,,6.95,3.92,24.0,158.0,287,50.97,1.18,,,,,,56ml,한식
뱅어포튀김,튀김류,732,15.3,41.2,45.09,,34.04,0.0,604.0,757.0,414,694.54,7.47,,,,,,10.20ml,한식
연어튀김,튀김류,149,48.7,13.1,5.71,,9.66,0.01,28.0,215.0,971,59.01,1.01,,,,,,70.90ml,한식
장어튀김,튀김류,209,45.9,10.2,14.75,,6.64,0.01,97.0,169.0,899,137.7,3.71,,,,,,67.20ml,한식
참치강정,튀김류,230,60.9,18.7,7.26,,21.18,6.04,19.0,301.0,760,28.37,1.35,,,,,,67.80ml,한식
숙주미나리나물,나물·숙채류,17,50.0,1.07,0.9,,1.79,0.34,14.0,71.0,158,0.0,0.14,,,,,,60ml,한식
양배추나물,나물·숙채류,71,79.9,2.2,3.76,,8.69,4.42,58.0,265.0,799,0.02,0.58,,,,,,40.20ml,한식
갑오징어무침,생채·무침류,50,46.4,5.31,0.74,,5.89,3.06,17.0,183.0,225,94.82,0.12,,,,,,100ml,한식
오징어무침,생채·무침류,83,90.6,9.7,1.49,,8.03,4.92,28.0,363.0,191,107.22,0.3,,,,,,70.40ml,한식
치커리 겉절이,생채·무침류,58,85.9,2.9,3.0,,6.04,0.6,85.0,376.0,506,0.0,0.47,,,,,,32.40ml,한식
닭고기 샐러드,생채·무침류,88,55.2,6.7,5.55,,2.82,0.61,14.0,171.0,394,18.4,0.86,,,,,,58.60ml,한식
미나리 초무침,생채·무침류,49,86.0,2.1,1.76,,7.89,3.76,48.0,269.0,575,0.0,0.28,,,,,,36.50ml,한식
브로콜리 채소무침,생채·무침류,34,41.7,1.7,0.35,,7.21,2.98,20.0,155.0,182,4.67,0.07,,,,,,50ml,한식
쑥갓무침,생채·무침류,40,90.1,2.5,1.96,,4.01,0.24,93.0,276.0,237,0.0,0.31,,,,,,34.20ml,한식
양배추 사과 샐러드,생채·무침류,136,59.0,0.8,10.74,,10.14,7.29,19.0,141.0,73,3.04,1.53,,,,,,55.40ml,한식
양배추오이  샐러드,생채·무침류,188,98.0,1.8,17.09,,8.2,4.28,42.0,240.0,120,4.94,2.47,,,,,,34.10ml,한식
열무 겉절이,생채·무침류,25,51.4,1.6,0.26,,4.78,1.74,88.0,221.0,1129,2.01,0.05,,,,,,68.80ml,한식
오징어미역초무침,생채·무침류,87,84.6,15.0,1.72,,5.24,0.65,102.0,772.0,1133,153.4,0.39,,,,,,33.30ml,한식
양념초장,"장류, 양념류",134,78.8,10.4,1.03,,21.8,1.39,39.0,677.0,4784,0.0,0.17,,,,,,5ml,한식
돼지고기 덮밥,밥류,165,42.1,7.92,2.72,,26.17,1.91,13.0,208.0,143,22.86,0.85,,,,,,330ml,한식
핫케이크,빵 및 과자류,193,22.5,4.7,5.18,,30.48,5.54,30.0,66.0,339,51.44,2.59,,,,,,222ml,한식
유부국,국 및 탕류,17,89.5,1.08,1.02,,1.13,0.2,22.0,61.0,162,0.0,0.16,,,,,,190ml,한식
김치 청국장찌개,찌개 및 전골류,30,100.1,2.6,0.9,,3.2,0.79,22.0,159.0,191,1.52,0.19,,,,,,210ml,한식
동태 매운탕,찌개 및 전골류,25,60.2,3.3,0.5,,1.98,0.54,17.0,118.0,184,7.8,0.08,,,,,,610ml,한식
돼지갈비전골,찌개 및 전골류,227,87.5,16.6,15.14,,5.07,3.24,20.0,330.0,332,66.63,3.99,,,,,,85.80ml,한식
버섯 매운탕,찌개 및 전골류,45,51.4,2.4,1.36,,6.93,1.46,9.0,199.0,160,4.14,0.4,,,,,,800ml,한식
돼지고기찜,찜류,109,57.3,10.82,3.25,,8.89,2.09,10.0,231.0,220,31.97,1.13,,,,,,250ml,한식
북어구이,구이류,287,24.9,46.5,5.91,,10.53,3.15,206.0,873.0,932,219.37,1.1,,,,,,41.20ml,한식
달걀후라이,전·적 및 부침류,178,66.9,11.0,12.76,,3.05,0.19,46.0,116.0,218,289.87,3.18,,,,,,60ml,한식
돼지등심 장조림,조림류,111,53.4,16.0,2.38,,4.75,3.05,7.0,268.0,410,33.6,0.85,,,,,,77.30ml,한식
무 어묵조림,조림류,112,80.4,6.3,3.06,,14.92,4.44,36.0,211.0,622,9.12,0.53,,,,,,65.70ml,한식
소시지조림,조림류,196,67.7,11.4,11.1,,12.66,4.49,32.0,343.0,1128,41.42,3.7,,,,,,53.20ml,한식
오징어포조림,조림류,133,12.2,15.5,1.77,,13.03,5.79,61.0,220.0,449,209.6,0.43,,,,,,67.60ml,한식
삼치튀김,튀김류,136,53.2,13.7,6.82,,3.69,0.02,9.0,254.0,929,72.42,1.33,,,,,,63.90ml,한식
배추숙주나물,나물·숙채류,22,69.6,1.5,0.62,,3.58,1.33,22.0,179.0,127,0.0,0.11,,,,,,44ml,한식
호박나물,나물·숙채류,38,45.4,0.7,2.71,,3.16,1.44,18.0,115.0,213,0.79,0.38,,,,,,55ml,한식
오이모듬무침,생채·무침류,34,73.1,1.4,0.58,,6.89,3.85,23.0,192.0,305,0.24,0.1,,,,,,70ml,한식
양배추김치,김치류,39,73.1,2.2,0.39,,8.29,4.0,54.0,296.0,2099,5.19,0.09,,,,,,54.70ml,한식
양파장아찌,장아찌·절임류,63,69.2,0.6,0.03,,16.05,15.42,17.0,112.0,6050,0.0,0.01,,,,,,50ml,한식
감자밥,밥류,130,15.1,2.4,0.14,,28.45,0.01,3.0,113.0,2,0.0,0.05,,,,,,261.50ml,한식
나폴리탄 스파게티,면 및 만두류,116,32.6,3.6,1.38,,22.5,3.81,17.0,196.0,206,0.98,0.29,,,,,,360ml,한식
미역냉국,국 및 탕류,26,21.9,0.9,1.65,,2.58,0.89,21.0,135.0,643,0.03,0.26,,,,,,160ml,한식
가지냉국,국 및 탕류,19,52.5,1.1,0.39,,3.42,1.4,16.0,168.0,654,0.0,0.08,,,,,,160ml,한식
감자 호박된장국,국 및 탕류,25,21.5,2.1,0.43,,3.51,0.55,48.0,177.0,377,9.39,0.09,,,,,,320ml,한식
멸치 미역국,국 및 탕류,9,1.2,1.1,0.38,,0.71,0.0,39.0,88.0,375,2.38,0.07,,,,,,320ml,한식
버섯국,국 및 탕류,42,38.8,3.3,2.43,,2.71,0.5,11.0,189.0,161,7.66,0.72,,,,,,320ml,한식
삼색 오이냉국,국 및 탕류,17,51.3,0.6,0.21,,3.52,2.68,10.0,78.0,234,0.0,0.04,,,,,,160ml,한식
소고기 두부국,국 및 탕류,34,15.5,2.8,2.18,,0.62,0.04,8.0,48.0,160,6.14,0.61,,,,,,320ml,한식
애호박 된장국,국 및 탕류,23,28.7,2.0,0.48,,3.18,0.97,50.0,150.0,283,1.78,0.09,,,,,,320ml,한식
오이 미역냉국,국 및 탕류,13,20.9,0.7,0.21,,2.91,1.84,20.0,124.0,338,0.0,0.04,,,,,,270ml,한식
망둥어찜,찜류,52,63.9,8.5,0.7,,2.96,0.68,20.0,294.0,202,36.7,0.12,,,,,,175.50ml,한식
오리 간장불고기,구이류,98,67.7,12.6,2.41,,6.16,2.93,15.0,242.0,313,54.37,0.76,,,,,,180ml,한식
유부조림,조림류,254,18.6,13.7,18.34,,7.95,3.23,298.0,92.0,243,0.0,2.85,,,,,,100ml,한식
감자연근튀김,튀김류,149,48.2,3.8,4.31,,22.74,0.38,28.0,242.0,405,42.18,0.85,,,,,,155.90ml,한식
무생채(무만),생채·무침류,30,65.5,1.03,0.56,,5.77,2.57,22.0,253.0,249,0.0,0.09,,,,,,120ml,한식
고추장아찌 무침,생채·무침류,62,22.5,1.5,0.9,,13.91,4.8,11.0,175.0,697,0.0,0.15,,,,,,37.60ml,한식
무 파래무침,생채·무침류,23,60.6,1.1,0.38,,4.86,2.62,26.0,146.0,221,0.0,0.07,,,,,,130ml,한식
북어채 고추장 무침,생채·무침류,296,34.3,36.6,10.34,,14.1,4.13,198.0,716.0,942,108.12,1.57,,,,,,31.30ml,한식
깻잎장아찌,장아찌·절임류,65,49.4,3.7,0.72,,12.9,5.28,154.0,327.0,520,0.0,0.15,,,,,,82.90ml,한식
덮밥,밥류,150,65.9,5.88,3.34,0.8,24.12,2.16,15.0,95.0,212,32.45,0.37,0.01,0.5,0.0,0.97,0.56,350g,한식
초밥,밥류,160,61.2,9.66,1.59,0.86,26.72,1.4,14.0,161.0,142,19.43,0.41,0.02,0.0,0.0,1.4,0.0,380g,한식
콩밥,밥류,165,59.7,4.53,1.12,0.35,34.3,0.0,13.0,86.0,3,0.0,0.14,0.0,0.0,0.0,0.0,0.0,200g,한식
경단,빵 및 과자류,240,47.3,6.28,6.72,1.09,38.58,0.61,178.0,75.0,203,0.0,0.99,0.0,0.11,0.0,0.13,0.1,100g,한식
송편,빵 및 과자류,219,48.3,4.65,3.23,1.02,42.83,1.98,96.0,50.0,260,0.0,0.62,0.0,1.0,0.0,0.04,0.75,100g,한식
도넛,빵 및 과자류,515,10.9,7.85,33.17,1.97,46.16,11.6,50.0,176.0,537,47.22,4.49,0.25,0.0,0.0,11.6,0.0,100g,한식
샌드위치,빵 및 과자류,240,53.2,12.18,11.92,1.78,20.96,3.09,58.0,200.0,438,28.07,3.16,0.17,0.1,0.45,0.02,1.56,230g,한식
케이크,빵 및 과자류,312,36.1,7.36,11.83,0.68,44.01,24.64,32.0,98.0,143,142.59,1.82,0.03,1.23,0.35,20.9,1.41,100g,한식
파이/만주,빵 및 과자류,185,57.9,2.54,3.91,0.84,34.83,7.11,20.0,94.0,204,14.39,1.95,0.17,4.75,0.0,0.73,1.3,100g,한식
냉면,면 및 만두류,55,86.5,1.96,0.64,0.58,10.31,4.52,7.0,49.0,161,15.35,0.16,0.0,0.64,0.0,1.79,0.82,700g,한식
만두,면 및 만두류,159,64.8,12.38,4.45,1.02,17.4,0.16,20.0,186.0,206,19.91,0.61,0.02,0.16,0.0,0.0,0.0,220g,한식
메밀국수,면 및 만두류,63,83.9,3.14,0.29,0.64,12.06,0.0,9.0,75.0,194,0.0,0.12,0.0,0.0,0.0,0.0,0.0,350g,한식
스프,죽 및 스프류,105,81.6,2.41,7.04,0.93,8.06,2.52,41.0,224.0,170,17.01,3.93,0.1,0.21,1.39,0.08,0.17,100g,한식
굴국,국 및 탕류,25,93.4,2.41,0.36,0.93,2.93,0.14,20.0,107.0,251,8.78,0.09,0.0,0.04,0.0,0.0,0.1,500g,한식
냉국,국 및 탕류,37,90.8,0.19,0.67,0.88,7.51,4.49,24.0,116.0,148,0.0,0.01,0.0,0.11,0.0,4.22,0.16,350g,한식
달걀탕,국 및 탕류,29,94.7,1.78,2.04,0.56,0.94,0.0,13.0,108.0,101,34.05,0.37,0.0,0.0,0.0,0.0,0.0,350g,한식
된장국,국 및 탕류,25,93.4,1.09,0.6,1.24,3.7,0.77,18.0,132.0,357,0.0,0.05,0.0,0.13,0.0,0.32,0.33,400g,한식
묵국,국 및 탕류,22,94.3,1.0,0.4,0.77,3.57,0.28,10.0,76.0,238,0.0,0.03,0.0,0.18,0.0,0.1,0.0,400g,한식
해장국,국 및 탕류,26,93.7,3.19,0.97,1.04,1.06,0.63,10.0,78.0,346,9.45,0.21,0.0,0.38,0.0,0.11,0.15,800g,한식
매운탕,찌개 및 전골류,22,93.9,4.49,0.4,1.05,0.19,0.0,51.0,104.0,250,19.2,0.15,0.01,0.0,0.0,0.0,0.0,600g,한식
샤브샤브,찌개 및 전골류,30,93.1,3.88,0.9,0.55,1.57,0.53,3.0,43.0,51,7.55,0.62,0.03,0.02,0.0,0.0,0.06,350g,한식
순두부찌개,찌개 및 전골류,35,92.6,2.98,1.59,0.73,2.17,0.32,14.0,126.0,151,4.6,0.46,0.01,0.09,0.0,0.16,0.07,200g,한식
고구마,찜류,139,64.6,1.67,0.24,1.04,32.47,16.32,20.0,402.0,10,0.0,0.05,0.01,0.62,0.0,4.11,1.06,200g,한식
갈비찜,찜류,85,81.2,7.25,3.17,1.39,6.95,0.75,33.0,251.0,272,33.38,0.85,0.1,0.12,0.0,0.04,0.36,300g,한식
감자,찜류,70,81.6,2.16,0.16,1.06,15.01,0.86,10.0,480.0,3,0.0,0.03,0.0,0.31,0.0,0.42,0.14,200g,한식
사태찜,찜류,110,77.8,12.1,5.17,1.23,3.67,0.13,13.0,145.0,302,94.95,1.13,0.14,0.02,0.0,0.11,0.0,300g,한식
수육,찜류,166,63.8,28.43,4.94,0.82,2.04,0.11,6.0,134.0,31,88.3,1.89,0.26,0.11,0.0,0.0,0.0,300g,한식
옥수수,찜류,185,55.3,6.68,2.42,1.37,34.2,2.36,5.0,306.0,90,0.0,0.29,0.0,0.1,0.0,2.11,0.16,200g,한식
콩나물찜,찜류,56,86.2,6.67,1.01,1.17,4.97,0.0,38.0,186.0,223,64.85,0.21,0.0,0.0,0.0,0.0,0.0,200g,한식
갈비구이,구이류,241,56.1,25.91,14.55,1.84,1.59,0.26,34.0,273.0,402,77.75,5.62,0.6,0.05,0.0,0.0,0.0,300g,한식
곱창구이,구이류,184,64.8,14.89,11.73,3.85,4.71,1.11,29.0,272.0,1315,196.11,4.11,0.31,0.57,0.0,0.05,0.49,150g,한식
김구이,구이류,470,2.2,20.4,30.2,18.0,29.0,0.2,371.0,1214.0,4011,0.0,3.0,0.2,0.0,0.0,0.0,0.0,5g,한식
꼬치구이,구이류,245,55.2,17.85,14.7,1.86,10.35,1.66,16.0,294.0,417,76.62,4.16,0.13,0.22,0.0,0.14,0.01,170g,한식
스테이크,구이류,194,60.4,30.22,8.07,1.15,0.14,0.0,6.0,332.0,134,84.18,3.85,0.35,0.0,0.0,0.0,0.0,200g,한식
장어구이,구이류,259,55.0,19.82,17.21,1.83,6.18,0.44,165.0,262.0,322,131.89,4.68,0.34,0.41,0.0,0.03,0.0,100g,한식
조개구이,구이류,130,67.6,17.43,2.07,2.43,10.44,3.6,18.0,354.0,454,25.29,0.09,0.0,1.38,0.0,0.37,1.27,180g,한식
산적,전·적 및 부침류,200,58.5,29.06,8.56,2.31,1.55,0.06,18.0,311.0,586,56.15,2.41,0.05,0.06,0.0,0.0,0.0,170g,한식
곱창볶음,볶음류,130,70.2,7.23,3.0,1.08,18.52,3.27,36.0,170.0,215,76.08,1.05,0.01,0.33,0.0,1.3,1.09,230g,한식
버섯볶음,볶음류,94,82.5,2.8,6.2,1.68,6.78,4.24,5.0,187.0,524,0.0,0.8,0.04,0.64,0.0,1.22,0.64,50g,한식
삼겹살볶음,볶음류,151,72.9,5.76,10.49,2.46,8.4,3.62,50.0,365.0,604,13.36,3.36,0.13,1.46,0.0,0.54,1.62,200g,한식
햄볶음,볶음류,183,65.9,10.47,11.37,2.65,9.6,3.33,34.0,227.0,803,32.49,3.6,0.08,0.7,0.0,1.15,1.06,220g,한식
장조림,조림류,138,72.4,9.85,7.12,2.02,8.67,6.87,38.0,180.0,628,246.68,2.07,0.03,3.22,0.0,0.1,3.29,100g,한식
닭다리튀김,튀김류,323,41.9,18.86,19.6,1.78,17.88,3.71,20.0,324.0,410,58.97,4.78,0.17,0.0,0.0,1.82,0.17,200g,한식
취나물,나물·숙채류,44,89.8,3.08,1.66,1.37,4.12,0.84,99.0,229.0,235,0.0,0.19,0.01,0.26,0.0,0.0,0.59,90g,한식
겉절이,생채·무침류,55,87.6,2.28,2.14,1.38,6.58,1.3,55.0,291.0,328,2.9,0.42,0.06,0.26,0.0,0.0,0.98,50g,한식
냉채,생채·무침류,90,79.1,13.08,1.95,0.9,5.0,4.8,17.0,201.0,151,46.32,0.5,0.01,0.63,0.0,3.62,0.55,240g,한식
묵무침,생채·무침류,74,84.2,0.93,2.95,1.03,10.92,1.82,17.0,99.0,319,0.0,0.38,0.01,0.9,0.0,0.0,0.92,200g,한식
버섯무침,생채·무침류,59,89.0,2.74,3.77,1.09,3.44,0.09,8.0,117.0,311,0.0,0.46,0.01,0.09,0.0,0.0,0.0,150g,한식
샐러드,생채·무침류,126,77.5,1.31,7.99,0.99,12.25,3.75,8.0,241.0,236,4.53,1.36,0.06,2.21,0.0,0.05,1.48,150g,한식
물김치,김치류,5,98.1,0.31,0.08,0.77,0.75,0.35,21.0,45.0,237,0.0,0.01,0.0,0.04,0.0,0.0,0.08,400g,한식
갈치젓,젓갈류,149,53.8,15.53,5.08,15.33,10.28,4.91,256.0,728.0,5023,112.27,1.87,0.03,4.03,0.0,0.0,0.88,90g,한식
멸치젓,젓갈류,90,63.2,11.4,1.6,16.4,7.4,0.6,543.0,364.0,6667,117.6,0.8,0.0,0.0,0.0,0.0,0.4,5g,한식
새우젓,젓갈류,69,66.8,7.1,1.8,18.2,6.0,0.5,735.0,298.0,7402,69.8,0.3,0.0,0.0,0.0,0.1,0.5,10g,한식
오징어젓,젓갈류,60,79.7,10.1,0.7,6.1,3.4,2.4,28.0,233.0,2151,144.7,0.2,0.0,1.2,0.0,0.1,1.0,10g,한식
꽃게장,젓갈류,62,82.8,7.02,1.1,3.06,6.04,4.21,65.0,230.0,1089,48.91,0.16,0.0,0.4,0.0,0.35,0.76,250g,한식
리소토/리조또,밥류,187,67.7,3.11,12.29,1.04,15.9,2.09,27.0,107.0,253,9.86,6.24,0.05,,,,,888g,한식
모싯잎송편,빵 및 과자류,190,52.2,5.65,0.66,1.22,40.29,3.18,88.0,142.0,262,0.0,0.24,0.0,,,,,100g,한식
다식,빵 및 과자류,369,11.9,8.3,4.48,1.35,73.97,26.65,139.0,365.0,13,0.0,0.89,0.01,7.23,0.0,3.1,6.1,30g,한식
앙금빵,빵 및 과자류,372,30.5,7.0,19.72,1.12,41.64,16.29,30.0,136.0,221,31.27,10.53,0.39,,,,,100g,한식
크로켓(고로케),빵 및 과자류,301,43.9,7.13,16.38,1.45,31.19,3.37,32.0,144.0,403,41.89,3.59,0.15,1.25,0.0,0.07,1.15,100g,한식
라멘,면 및 만두류,91,82.4,3.82,5.09,1.32,7.38,1.17,19.0,84.0,427,21.5,0.71,0.01,,,,,1669g,한식
밀면,면 및 만두류,71,81.9,2.46,0.5,0.98,14.19,3.68,12.0,44.0,303,7.37,0.15,0.0,,,,,100g,한식
볶음면,면 및 만두류,190,66.2,6.55,12.1,1.3,13.81,3.86,23.0,121.0,367,15.33,2.94,0.58,,,,,470g,한식
비빔면,면 및 만두류,153,67.1,5.7,5.48,1.57,20.17,4.33,12.0,195.0,373,7.97,1.06,0.03,,,,,1154g,한식
탄탄면,면 및 만두류,174,64.8,5.73,7.4,1.11,21.0,3.1,13.0,92.0,339,6.52,1.02,0.04,,,,,599g,한식
묵말이,국 및 탕류,36,91.2,0.52,0.65,0.68,6.9,0.48,13.0,40.0,247,0.0,0.09,0.0,0.06,0.0,0.0,0.01,1300g,한식
지리탕,국 및 탕류,44,89.2,6.93,1.03,1.15,1.65,0.25,57.0,142.0,246,47.18,0.18,0.02,0.12,0.0,0.03,0.08,600g,한식
홍합탕,국 및 탕류,29,92.4,3.68,0.57,1.13,2.28,0.0,32.0,65.0,303,25.13,0.14,0.01,,,,,100g,한식
나베,찌개 및 전골류,170,68.4,5.41,9.52,1.02,15.71,3.53,10.0,126.0,413,39.77,1.46,0.06,,,,,1166g,한식
밀푀유나베,찌개 및 전골류,55,88.9,4.13,3.11,1.32,2.52,1.5,14.0,170.0,397,7.99,0.39,0.06,,,,,1269g,한식
불고기전골,찌개 및 전골류,104,78.3,5.96,4.34,1.04,10.38,5.3,12.0,178.0,296,19.49,1.18,0.4,,,,,803g,한식
훠궈,찌개 및 전골류,93,82.0,4.81,5.11,1.29,6.83,1.13,16.0,149.0,390,9.65,0.97,0.07,,,,,100g,한식
김치찜,찜류,97,78.5,10.14,3.67,1.89,5.75,2.84,24.0,303.0,412,29.23,1.2,0.02,,,,,700g,한식
돼지고기,찜류,164,63.2,29.36,4.44,1.44,1.56,0.2,9.0,158.0,62,386.25,1.83,0.03,,,,,100g,한식
수란,찜류,145,74.9,12.3,11.7,0.9,0.2,,55.0,100.0,110,420.0,3.21,0.0,,,,,100g,한식
갈매기살구이,구이류,312,48.8,26.98,22.6,1.32,0.28,0.0,13.0,372.0,124,96.84,9.82,0.05,,,,,100g,한식
대창구이,구이류,595,26.1,9.11,60.25,0.49,4.05,1.13,10.0,86.0,126,51.05,25.6,2.47,,,,,100g,한식
돼지불고기,구이류,155,71.1,10.25,9.08,1.52,8.08,5.52,31.0,261.0,293,32.54,3.12,0.07,,,,,433g,한식
막창구이,구이류,358,50.7,15.34,32.73,0.8,0.4,1.36,13.0,107.0,162,109.41,12.11,1.2,,,,,100g,한식
오겹살구이,구이류,408,40.8,20.18,35.14,1.15,2.72,0.72,9.0,327.0,76,45.6,10.23,0.24,,,,,100g,한식
차돌박이구이,구이류,488,33.9,17.94,45.69,1.15,1.31,0.33,5.0,213.0,93,47.28,16.24,3.79,,,,,100g,한식
꼬치구치,전·적 및 부침류,94,77.1,16.43,1.59,1.31,3.53,0.0,23.0,178.0,259,167.18,0.17,0.01,0.0,0.0,0.0,0.0,80g,한식
생선전,전·적 및 부침류,154,68.4,17.17,7.38,2.41,4.61,0.2,231.0,227.0,546,117.51,1.5,0.04,0.2,0.0,0.0,0.0,150g,한식
감바스,볶음류,224,55.4,11.48,11.38,2.71,19.0,1.46,54.0,129.0,822,35.59,1.96,0.01,,,,,641g,한식
게장,젓갈류,88,77.5,12.25,2.31,3.48,4.47,2.93,213.0,176.0,910,140.73,0.63,0.07,,,,,100g,한식
명란젓,젓갈류,147,65.9,17.96,6.54,5.66,3.98,0.0,83.0,199.0,2044,247.92,0.72,0.05,,,,,100g,한식
조개젓,젓갈류,103,67.8,8.61,2.05,8.89,12.61,6.46,145.0,227.0,3040,35.16,0.38,0.02,,,,,100g,한식
소스/드레싱,"장류, 양념류",116,76.6,8.93,5.54,1.26,7.66,5.93,18.0,181.0,530,89.07,1.08,0.02,,,,,768g,한식
밀크쉐이크,유제품류 및 빙과류,113,76.1,2.43,3.88,0.59,17.01,16.57,98.0,114.0,51,9.1,1.65,0.02,,,,,100g,한식
빙수,유제품류 및 빙과류,141,69.0,5.97,4.35,1.11,19.6,14.98,97.0,268.0,63,8.26,1.37,0.04,,,,,100g,한식
아이스크림,유제품류 및 빙과류,196,58.7,3.17,6.86,0.85,30.45,25.42,110.0,166.0,79,9.1,3.94,0.03,,,,,100g,한식
우유,유제품류 및 빙과류,73,83.2,2.04,2.31,1.39,11.04,10.24,71.0,100.0,23,6.93,1.15,0.08,,,,,100g,한식
과ㆍ채주스,음료 및 차류,29,92.4,0.36,0.04,0.27,6.88,6.81,16.0,94.0,29,0.0,0.01,0.0,,,,,100g,한식
라떼,음료 및 차류,76,82.4,2.97,2.56,1.71,10.33,9.41,79.0,203.0,29,9.96,1.42,0.09,,,,,100g,한식
밀크티,음료 및 차류,49,90.7,1.0,2.64,0.38,5.3,4.58,32.0,82.0,15,3.87,1.77,0.05,,,,,100g,한식
액상커피,음료 및 차류,51,88.2,0.43,1.03,0.28,10.06,5.94,14.0,117.0,5,0.0,0.96,0.0,,,,,100g,한식
커피,음료 및 차류,111,77.8,2.47,4.97,0.67,14.08,11.46,91.0,178.0,49,12.61,3.36,0.06,,,,,100g,한식
달걀,수·조·어·육류,150,75.0,12.8,10.65,0.95,0.63,0.62,58.0,125.0,127,380.51,3.02,0.03,,,,,100g,한식
넙치(광어)회덮밥,밥류,77,39.1,4.27,1.06,,12.64,1.92,18.0,119.0,85,7.03,0.16,,,,,,510ml,한식
우럭회덮밥,밥류,67,38.9,3.49,0.77,,11.47,1.55,15.0,109.0,64,1.85,0.14,,,,,,750ml,한식
참치회덮밥,밥류,76,37.4,4.73,0.81,,12.14,1.65,10.0,101.0,88,7.44,0.19,,,,,,600ml,한식
김치 볶음밥,밥류,130,29.1,3.8,2.79,,21.5,1.01,15.0,132.0,152,6.45,0.59,,,,,,320ml,한식
바지락 수제비,면 및 만두류,31,13.2,1.3,0.45,,5.08,0.23,6.0,48.0,197,6.49,0.1,,,,,,1000ml,한식
치즈 스파게티,면 및 만두류,99,55.9,4.5,2.09,,15.18,2.14,36.0,136.0,133,10.28,0.94,,,,,,700ml,한식
선지해장국,국 및 탕류,34,56.3,4.4,0.98,,2.07,0.41,13.0,74.0,278,12.66,0.28,,,,,,600ml,한식
소고기국,국 및 탕류,34,14.5,1.8,1.67,,2.92,0.14,7.0,49.0,6,5.82,0.52,,,,,,563ml,한식
콩나물 선짓국,국 및 탕류,21,33.7,3.1,0.34,,1.79,0.29,21.0,71.0,146,1.73,0.06,,,,,,767ml,한식
고추장찌개,찌개 및 전골류,56,53.2,5.26,2.13,,4.17,1.08,17.0,157.0,138,8.95,0.61,,,,,,400ml,한식
떡산적,전·적 및 부침류,156,89.4,8.7,5.35,,18.37,2.41,59.0,219.0,401,34.94,1.17,,,,,,146.80ml,한식
가지볶음,볶음류,35,52.8,0.9,2.17,,3.36,1.55,12.0,139.0,207,0.01,0.33,,,,,,60ml,한식
새송이버섯볶음,볶음류,25,45.9,1.4,1.5,,3.51,0.54,5.0,151.0,146,0.0,0.21,,,,,,70ml,한식
호박볶음,볶음류,27,57.4,0.84,1.32,,3.53,1.62,17.0,144.0,234,1.31,0.19,,,,,,70ml,한식
두부볶음,볶음류,197,87.4,12.4,10.52,,13.12,3.68,57.0,231.0,246,10.36,1.77,,,,,,113.40ml,한식
양송이버섯볶음,볶음류,104,58.3,4.5,7.58,,5.17,2.76,17.0,221.0,215,13.44,2.31,,,,,,117.50ml,한식
갈치조림,조림류,65,53.8,6.31,2.4,,4.44,1.78,23.0,213.0,232,21.47,0.67,,,,,,400ml,한식
건꼴뚜기조림,조림류,288,29.2,29.4,13.55,,10.14,1.55,290.0,390.0,1038,513.3,1.96,,,,,,31.10ml,한식
꽈리고추조림,조림류,57,34.5,7.1,1.21,,4.7,1.24,257.0,201.0,460,63.41,0.28,,,,,,80ml,한식
톳나물,나물·숙채류,30,53.1,2.67,1.6,,2.55,0.18,83.0,28.0,156,0.0,0.24,,,,,,60ml,한식
모듬배추나물,나물·숙채류,33,68.0,1.7,1.26,,4.32,1.68,90.0,186.0,270,0.0,0.2,,,,,,120ml,한식
방풍나물,나물·숙채류,37,34.2,1.5,0.79,,7.19,1.55,89.0,278.0,143,0.01,0.15,,,,,,50ml,한식
곤약무침,생채·무침류,83,51.5,0.7,7.7,,3.62,1.12,46.0,33.0,119,2.79,1.15,,,,,,75ml,한식
닭가슴살 샐러드,생채·무침류,54,30.0,4.0,2.96,,2.82,1.13,11.0,99.0,75,12.62,0.55,,,,,,300ml,한식
참나물 무침,생채·무침류,15,35.8,0.7,0.71,,1.85,0.14,23.0,222.0,99,0.0,0.11,,,,,,50ml,한식
시리얼,빵 및 과자류,85,64.7,2.9,2.24,,13.15,7.0,84.0,113.0,73,6.86,1.39,,,,,,190ml,한식
애호박 감자된장국,국 및 탕류,23,32.1,1.9,0.3,,3.35,0.67,13.0,111.0,186,0.89,0.06,,,,,,222.20ml,한식
유부 된장국,국 및 탕류,66,24.7,4.4,4.1,,2.7,0.77,87.0,87.0,274,4.99,0.65,,,,,,234.40ml,한식
동태까스,튀김류,273,59.8,11.6,15.64,,19.42,2.61,38.0,176.0,385,53.42,2.52,,,,,,90ml,한식
껍질콩볶음,볶음류,98,64.2,3.3,5.08,,9.35,2.53,112.0,18.0,207,4.12,0.78,,,,,,150ml,한식
일반짜장면,중식요리,689,,46.8,25.1,,69.0,,,,829,,,,,,,,1인분,중식
간짜장,중식요리,589,,41.0,21.2,,58.6,,,,966,,,,,,,,1인분,중식
삼선짜장,중식요리,770,,46.0,17.2,,107.8,,,,1687,,,,,,,,1인분,중식
쟁반짜장,중식요리,735,,51.5,17.1,,93.8,,,,1221,,,,,,,,1인분,중식
유니짜장,중식요리,547,,33.7,16.1,,66.8,,,,1584,,,,,,,,1인분,중식
사천짜장,중식요리,756,,60.4,27.4,,66.9,,,,1026,,,,,,,,1인분,중식
해물짬뽕,중식요리,640,,52.5,26.5,,47.9,,,,732,,,,,,,,1인분,중식
삼선짬뽕,중식요리,653,,30.7,19.7,,88.2,,,,551,,,,,,,,1인분,중식
차돌짬뽕,중식요리,688,,56.9,28.3,,51.4,,,,1810,,,,,,,,1인분,중식
굴짬뽕,중식요리,878,,74.5,24.6,,89.6,,,,595,,,,,,,,1인분,중식
볶음짬뽕,중식요리,876,,73.3,18.8,,103.4,,,,513,,,,,,,,1인분,중식
백짬뽕,중식요리,622,,25.0,16.4,,93.6,,,,1030,,,,,,,,1인분,중식
탕수육,중식요리,628,,35.0,27.1,,61.0,,,,1398,,,,,,,,1인분,중식
찹쌀탕수육(꿔바로우),중식요리,886,,64.1,23.9,,103.6,,,,1314,,,,,,,,1인분,중식
사천탕수육,중식요리,751,,56.8,25.9,,72.7,,,,1170,,,,,,,,1인분,중식
깐풍기,중식요리,754,,65.5,32.3,,50.3,,,,1828,,,,,,,,1인분,중식
라조기,중식요리,887,,48.3,20.6,,127.1,,,,375,,,,,,,,1인분,중식
유린기,중식요리,646,,41.1,18.2,,79.5,,,,1497,,,,,,,,1인분,중식
조기튀김,중식요리,773,,62.6,29.1,,65.2,,,,1703,,,,,,,,1인분,중식
깐풍새우,중식요리,678,,34.5,31.4,,64.4,,,,1915,,,,,,,,1인분,중식
크림새우,중식요리,508,,42.2,24.4,,29.9,,,,1590,,,,,,,,1인분,중식
칠리새우,중식요리,758,,58.1,14.6,,98.6,,,,354,,,,,,,,1인분,중식
양장피,중식요리,535,,23.8,23.9,,56.2,,,,2136,,,,,,,,1인분,중식
팔보채,중식요리,509,,38.2,17.7,,49.2,,,,1623,,,,,,,,1인분,중식
유산슬,중식요리,753,,51.8,16.9,,98.4,,,,945,,,,,,,,1인분,중식
전가복,중식요리,761,,60.1,29.6,,63.6,,,,439,,,,,,,,1인분,중식
누룽지탕,중식요리,867,,33.4,25.0,,127.1,,,,829,,,,,,,,1인분,중식
고추잡채,중식요리,543,,22.5,26.4,,53.8,,,,1307,,,,,,,,1인분,중식
부추잡채,중식요리,589,,34.4,24.6,,57.5,,,,933,,,,,,,,1인분,중식
마파두부,중식요리,516,,44.6,17.4,,45.3,,,,391,,,,,,,,1인분,중식
어향가지,중식요리,616,,33.6,29.2,,54.7,,,,1637,,,,,,,,1인분,중식
지삼선,중식요리,582,,44.9,14.3,,68.4,,,,316,,,,,,,,1인분,중식
토마토달걀볶음,중식요리,691,,31.3,13.6,,110.8,,,,1815,,,,,,,,1인분,중식
청경채굴소스볶음,중식요리,888,,52.4,31.5,,98.7,,,,1846,,,,,,,,1인분,중식
난자완스,중식요리,555,,24.6,26.9,,53.6,,,,1851,,,,,,,,1인분,중식
동파육,중식요리,814,,56.5,39.8,,57.4,,,,2178,,,,,,,,1인분,중식
경인육슬,중식요리,874,,33.6,38.6,,98.0,,,,957,,,,,,,,1인분,중식
멘보샤,중식요리,623,,24.9,30.5,,62.2,,,,1016,,,,,,,,1인분,중식
훈툰탕,중식요리,527,,31.2,10.7,,76.5,,,,1169,,,,,,,,1인분,중식
계란토마토탕,중식요리,687,,38.6,28.3,,69.5,,,,1565,,,,,,,,1인분,중식
마라탕,중식요리,746,,61.8,31.3,,54.3,,,,1951,,,,,,,,1인분,중식
마라상궈,중식요리,516,,25.7,13.2,,73.6,,,,1749,,,,,,,,1인분,중식
탄탄면,중식요리,700,,59.2,13.7,,85.0,,,,1999,,,,,,,,1인분,중식
우육면,중식요리,771,,60.8,25.3,,75.0,,,,1833,,,,,,,,1인분,중식
중식냉면,중식요리,515,,39.9,13.2,,59.1,,,,350,,,,,,,,1인분,중식
하가우,중식요리,642,,43.2,21.5,,68.9,,,,2053,,,,,,,,1인분,중식
샤오롱바오,중식요리,821,,49.5,35.6,,75.6,,,,971,,,,,,,,1인분,중식
구운딤섬,중식요리,512,,37.3,9.4,,69.6,,,,1259,,,,,,,,1인분,중식
쇼마이,중식요리,704,,52.0,30.4,,55.6,,,,304,,,,,,,,1인분,중식
꽃빵,중식요리,664,,56.2,16.3,,73.1,,,,819,,,,,,,,1인분,중식
춘권,중식요리,633,,33.1,10.7,,101.1,,,,1091,,,,,,,,1인분,중식
잡채밥,중식요리,593,,40.7,22.9,,56.0,,,,2037,,,,,,,,1인분,중식
마파두부밥,중식요리,623,,28.6,12.1,,99.9,,,,1360,,,,,,,,1인분,중식
볶음밥,중식요리,703,,27.3,19.7,,104.1,,,,1896,,,,,,,,1인분,중식
새우볶음밥,중식요리,888,,44.8,32.8,,103.4,,,,793,,,,,,,,1인분,중식
게살볶음밥,중식요리,508,,41.1,20.3,,40.2,,,,1033,,,,,,,,1인분,중식
중식스테이크,중식요리,776,,51.4,21.9,,93.3,,,,815,,,,,,,,1인분,중식
오향장육,중식요리,657,,55.5,28.6,,44.4,,,,992,,,,,,,,1인분,중식
해파리냉채,중식요리,627,,42.7,17.5,,74.7,,,,1019,,,,,,,,1인분,중식
궁보계정,중식요리,672,,42.5,15.1,,91.5,,,,2045,,,,,,,,1인분,중식
회주육,중식요리,792,,66.7,35.0,,52.6,,,,1338,,,,,,,,1인분,중식
회과육,중식요리,506,,28.8,13.2,,68.0,,,,1748,,,,,,,,1인분,중식
짜춘결,중식요리,719,,53.5,20.1,,81.0,,,,1025,,,,,,,,1인분,중식
라조육,중식요리,804,,46.7,37.7,,69.5,,,,592,,,,,,,,1인분,중식
유슬채볶음,중식요리,590,,44.3,16.7,,65.6,,,,1002,,,,,,,,1인분,중식
광동식탕수육,중식요리,881,,41.6,25.8,,120.6,,,,309,,,,,,,,1인분,중식
삼선볶음밥,중식요리,856,,53.5,14.3,,128.3,,,,2156,,,,,,,,1인분,중식
해물덮밥,중식요리,893,,72.7,36.1,,69.3,,,,762,,,,,,,,1인분,중식
송이덮밥,중식요리,583,,49.5,28.3,,32.6,,,,469,,,,,,,,1인분,중식
중식우동,중식요리,753,,55.1,18.2,,92.2,,,,1435,,,,,,,,1인분,중식
울면,중식요리,723,,34.3,17.8,,106.4,,,,484,,,,,,,,1인분,중식
기스면,중식요리,772,,60.8,25.8,,74.1,,,,1285,,,,,,,,1인분,중식
사천탕면,중식요리,515,,36.2,15.2,,58.4,,,,908,,,,,,,,1인분,중식
중식오이무침,중식요리,564,,45.2,11.8,,69.2,,,,1248,,,,,,,,1인분,중식
짜사이무침,중식요리,599,,36.4,16.2,,76.9,,,,2039,,,,,,,,1인분,중식
중식지짐이,중식요리,767,,65.2,16.5,,89.4,,,,704,,,,,,,,1인분,중식
철판볶음면,중식요리,762,,46.3,32.5,,71.1,,,,518,,,,,,,,1인분,중식
마늘쫑돼지고기볶음,중식요리,515,,37.7,15.1,,57.1,,,,1880,,,,,,,,1인분,중식
고구마맛탕,중식요리,606,,49.5,20.7,,55.4,,,,1116,,,,,,,,1인분,중식
옥수수빠스,중식요리,520,,25.3,23.1,,52.7,,,,354,,,,,,,,1인분,중식
대만식광부도시락,중식요리,854,,54.2,26.5,,99.7,,,,768,,,,,,,,1인분,중식
유선슬덮밥,중식요리,678,,52.4,18.9,,74.6,,,,366,,,,,,,,1인분,중식
삼선누룽지탕,중식요리,579,,47.8,12.8,,68.2,,,,605,,,,,,,,1인분,중식
어향육슬,중식요리,740,,34.2,18.5,,109.2,,,,1619,,,,,,,,1인분,중식
몽골리안비프,중식요리,526,,44.8,18.4,,45.3,,,,423,,,,,,,,1인분,중식
북경오리,중식요리,641,,27.6,19.6,,88.6,,,,1387,,,,,,,,1인분,중식
깐풍꽃게,중식요리,558,,31.0,17.8,,68.4,,,,329,,,,,,,,1인분,중식
중식냉채,중식요리,548,,36.4,21.6,,52.0,,,,1810,,,,,,,,1인분,중식
해산물볶음면,중식요리,721,,27.6,13.4,,122.5,,,,438,,,,,,,,1인분,중식
중식잡채,중식요리,613,,37.9,19.2,,72.2,,,,1743,,,,,,,,1인분,중식
홍쇼두부,중식요리,739,,28.1,14.2,,124.7,,,,776,,,,,,,,1인분,중식
건두부무침,중식요리,505,,43.7,17.9,,42.3,,,,2022,,,,,,,,1인분,중식
양고기볶음,중식요리,551,,30.6,19.6,,63.0,,,,1003,,,,,,,,1인분,중식
즈란심장볶음,중식요리,597,,35.4,12.8,,85.0,,,,384,,,,,,,,1인분,중식
매운바지락볶음,중식요리,883,,53.0,16.9,,129.7,,,,1590,,,,,,,,1인분,중식
마늘당면새우찜,중식요리,738,,63.3,14.1,,89.5,,,,2013,,,,,,,,1인분,중식
공심채볶음,중식요리,518,,36.7,20.6,,46.4,,,,1712,,,,,,,,1인분,중식
완자탕,중식요리,896,,78.2,25.8,,87.8,,,,1629,,,,,,,,1인분,중식
중식군만두,중식요리,576,,34.4,22.6,,58.7,,,,2190,,,,,,,,1인분,중식
중식물만두,중식요리,771,,36.3,13.5,,126.1,,,,739,,,,,,,,1인분,중식
안심스테이크,양식요리,542,,41.3,18.6,,52.4,,,,1272,,,,,,,,1인분,양식
등심스테이크,양식요리,770,,42.1,16.4,,113.5,,,,1035,,,,,,,,1인분,양식
채끝스테이크,양식요리,643,,25.7,22.4,,84.6,,,,744,,,,,,,,1인분,양식
티본스테이크,양식요리,790,,58.5,17.5,,99.6,,,,1859,,,,,,,,1인분,양식
부채살스테이크,양식요리,712,,40.2,29.7,,71.0,,,,1005,,,,,,,,1인분,양식
함박스테이크,양식요리,773,,45.7,20.6,,101.2,,,,2141,,,,,,,,1인분,양식
포크커틀릿(돈가스),양식요리,633,,43.5,11.7,,88.4,,,,1697,,,,,,,,1인분,양식
바비큐폭립,양식요리,529,,44.8,25.6,,29.8,,,,1700,,,,,,,,1인분,양식
치킨스테이크,양식요리,523,,43.1,9.5,,66.3,,,,413,,,,,,,,1인분,양식
연어스테이크,양식요리,638,,34.5,26.8,,64.7,,,,1911,,,,,,,,1인분,양식
마르게리따피자,양식요리,720,,53.9,20.3,,80.4,,,,1428,,,,,,,,1인분,양식
고르곤졸라피자,양식요리,788,,53.4,14.5,,111.0,,,,1230,,,,,,,,1인분,양식
페퍼로니피자,양식요리,691,,37.2,15.5,,100.7,,,,1180,,,,,,,,1인분,양식
루꼴라피자,양식요리,640,,37.8,29.5,,55.8,,,,1934,,,,,,,,1인분,양식
콤비네이션피자,양식요리,718,,50.5,15.1,,95.0,,,,1849,,,,,,,,1인분,양식
불고기피자,양식요리,783,,62.4,30.5,,64.7,,,,1113,,,,,,,,1인분,양식
하와이안피자,양식요리,685,,55.4,25.0,,59.6,,,,583,,,,,,,,1인분,양식
시카고피자,양식요리,835,,61.2,40.3,,56.9,,,,2077,,,,,,,,1인분,양식
바질페스토피자,양식요리,814,,41.9,30.1,,93.9,,,,1822,,,,,,,,1인분,양식
포테이토피자,양식요리,768,,52.1,24.5,,84.8,,,,1468,,,,,,,,1인분,양식
봉골레파스타,양식요리,805,,68.1,21.7,,84.3,,,,1170,,,,,,,,1인분,양식
까르보나라,양식요리,752,,65.3,14.2,,90.8,,,,1732,,,,,,,,1인분,양식
알리오올리오,양식요리,642,,35.8,13.7,,93.9,,,,1546,,,,,,,,1인분,양식
아라비아따,양식요리,525,,41.9,10.8,,65.0,,,,1691,,,,,,,,1인분,양식
해산물토마토파스타,양식요리,718,,55.8,16.1,,87.5,,,,1444,,,,,,,,1인분,양식
로제파스타,양식요리,832,,59.1,38.4,,62.5,,,,1290,,,,,,,,1인분,양식
미트볼파스타,양식요리,557,,28.5,26.0,,52.2,,,,2152,,,,,,,,1인분,양식
라자냐,양식요리,718,,42.4,35.1,,58.1,,,,1414,,,,,,,,1인분,양식
바질페스토파스타,양식요리,778,,36.7,33.1,,83.3,,,,533,,,,,,,,1인분,양식
투움바파스타,양식요리,679,,34.8,25.5,,77.6,,,,1395,,,,,,,,1인분,양식
치즈오븐스파게티,양식요리,508,,27.1,11.8,,73.4,,,,1807,,,,,,,,1인분,양식
쉬림프오일파스타,양식요리,662,,47.6,29.1,,52.4,,,,601,,,,,,,,1인분,양식
까놀레니,양식요리,727,,54.3,29.8,,60.4,,,,1848,,,,,,,,1인분,양식
라비올리,양식요리,835,,51.7,25.6,,99.5,,,,1788,,,,,,,,1인분,양식
뇨끼,양식요리,696,,45.8,31.5,,57.3,,,,1169,,,,,,,,1인분,양식
비프스튜,양식요리,741,,30.2,31.9,,83.3,,,,1466,,,,,,,,1인분,양식
치킨커리스튜,양식요리,810,,39.7,28.4,,98.9,,,,2105,,,,,,,,1인분,양식
굴라쉬,양식요리,661,,42.1,20.4,,77.2,,,,1519,,,,,,,,1인분,양식
클램차우더,양식요리,817,,35.1,26.5,,109.5,,,,687,,,,,,,,1인분,양식
양송이스프,양식요리,651,,35.6,29.1,,61.7,,,,1642,,,,,,,,1인분,양식
단호박스프,양식요리,832,,69.3,17.6,,99.1,,,,1797,,,,,,,,1인분,양식
어니언스프,양식요리,566,,22.6,22.8,,67.6,,,,729,,,,,,,,1인분,양식
미네스트로네,양식요리,816,,38.1,34.5,,88.3,,,,2187,,,,,,,,1인분,양식
시저샐러드,양식요리,693,,29.2,14.2,,112.1,,,,848,,,,,,,,1인분,양식
리코타치즈샐러드,양식요리,520,,33.9,24.8,,40.3,,,,1414,,,,,,,,1인분,양식
콥샐러드,양식요리,587,,32.8,14.6,,81.1,,,,1681,,,,,,,,1인분,양식
치킨텐더샐러드,양식요리,846,,40.4,22.0,,121.6,,,,1555,,,,,,,,1인분,양식
훈제연어샐러드,양식요리,833,,67.8,23.8,,86.9,,,,862,,,,,,,,1인분,양식
스테이크샐러드,양식요리,675,,56.2,22.7,,61.5,,,,1895,,,,,,,,1인분,양식
카프레제,양식요리,490,,21.6,13.4,,70.8,,,,1824,,,,,,,,1인분,양식
비엘티샌드위치,양식요리,726,,56.3,29.2,,59.5,,,,613,,,,,,,,1인분,양식
클럽샌드위치,양식요리,615,,46.8,27.4,,45.3,,,,434,,,,,,,,1인분,양식
잠봉뵈르,양식요리,712,,52.6,14.1,,93.7,,,,1279,,,,,,,,1인분,양식
에그마요샌드위치,양식요리,629,,51.9,15.5,,70.5,,,,1532,,,,,,,,1인분,양식
불고기버거,양식요리,577,,44.7,23.3,,47.1,,,,350,,,,,,,,1인분,양식
치즈버거,양식요리,458,,32.0,13.6,,51.9,,,,932,,,,,,,,1인분,양식
치킨버거,양식요리,488,,26.1,15.4,,61.3,,,,1549,,,,,,,,1인분,양식
새우버거,양식요리,755,,50.8,15.1,,104.0,,,,2182,,,,,,,,1인분,양식
베이컨에그버거,양식요리,685,,39.6,24.1,,77.4,,,,814,,,,,,,,1인분,양식
머쉬룸버거,양식요리,523,,37.9,10.7,,68.8,,,,1366,,,,,,,,1인분,양식
에그베네딕트,양식요리,778,,41.8,36.6,,70.3,,,,1661,,,,,,,,1인분,양식
오믈렛,양식요리,631,,49.2,13.6,,78.0,,,,1899,,,,,,,,1인분,양식
팬케이크,양식요리,478,,31.7,10.7,,63.7,,,,670,,,,,,,,1인분,양식
프렌치토스트,양식요리,518,,24.9,22.9,,53.1,,,,2101,,,,,,,,1인분,양식
와플,양식요리,775,,35.5,35.4,,78.6,,,,1807,,,,,,,,1인분,양식
잉글리쉬브렉퍼스트,양식요리,583,,49.5,20.3,,50.6,,,,786,,,,,,,,1인분,양식
피쉬앤칩스,양식요리,664,,35.5,30.0,,63.0,,,,1803,,,,,,,,1인분,양식
맥앤치즈,양식요리,602,,37.7,22.2,,62.8,,,,2044,,,,,,,,1인분,양식
감바스알아히요,양식요리,604,,45.5,17.6,,65.9,,,,1636,,,,,,,,1인분,양식
프렌치프라이,양식요리,817,,58.1,18.7,,104.1,,,,1951,,,,,,,,1인분,양식
어니언링,양식요리,646,,49.0,15.9,,76.7,,,,1303,,,,,,,,1인분,양식
버팔로윙,양식요리,503,,22.0,22.1,,54.0,,,,909,,,,,,,,1인분,양식
치킨나겟,양식요리,536,,27.7,26.3,,47.1,,,,1087,,,,,,,,1인분,양식
깔라마리튀김,양식요리,771,,57.6,15.3,,100.7,,,,920,,,,,,,,1인분,양식
미트로프,양식요리,594,,32.9,15.5,,80.7,,,,2073,,,,,,,,1인분,양식
쉐퍼드파이,양식요리,591,,43.7,20.8,,57.2,,,,1245,,,,,,,,1인분,양식
퀘사디아,양식요리,548,,34.3,18.9,,60.2,,,,2145,,,,,,,,1인분,양식
부리또,양식요리,707,,59.0,19.7,,73.4,,,,843,,,,,,,,1인분,양식
타코,양식요리,563,,24.9,13.5,,85.5,,,,1393,,,,,,,,1인분,양식
나초,양식요리,653,,56.8,14.8,,73.2,,,,1480,,,,,,,,1인분,양식
미트볼,양식요리,622,,33.4,29.4,,56.0,,,,1468,,,,,,,,1인분,양식
코티지파이,양식요리,599,,32.1,13.8,,86.6,,,,876,,,,,,,,1인분,양식
비프웰링턴,양식요리,574,,43.8,26.1,,41.0,,,,1229,,,,,,,,1인분,양식
그릴드치즈샌드위치,양식요리,821,,34.8,25.5,,113.1,,,,2194,,,,,,,,1인분,양식
코울슬로,양식요리,807,,65.5,29.2,,70.6,,,,1450,,,,,,,,1인분,양식
감자샐러드,양식요리,602,,35.2,24.5,,60.2,,,,715,,,,,,,,1인분,양식
콘샐러드,양식요리,672,,35.8,13.5,,101.8,,,,1939,,,,,,,,1인분,양식
로스트비프,양식요리,505,,23.7,8.9,,82.5,,,,1765,,,,,,,,1인분,양식
바비큐치킨,양식요리,458,,29.0,12.6,,57.2,,,,1399,,,,,,,,1인분,양식
핫도그,양식요리,457,,19.9,17.0,,56.1,,,,1221,,,,,,,,1인분,양식
치즈플레이트,양식요리,678,,54.2,11.8,,88.8,,,,1132,,,,,,,,1인분,양식
라따뚜이,양식요리,772,,40.4,19.4,,109.0,,,,839,,,,,,,,1인분,양식
쿠스쿠스샐러드,양식요리,612,,25.2,18.6,,85.9,,,,1903,,,,,,,,1인분,양식
빠네파스타,양식요리,774,,67.4,28.9,,61.1,,,,363,,,,,,,,1인분,양식
명란크림파스타,양식요리,707,,36.3,31.7,,69.1,,,,591,,,,,,,,1인분,양식
스테이크리조또,양식요리,534,,25.7,12.5,,79.7,,,,835,,,,,,,,1인분,양식
트러플리조또,양식요리,713,,60.4,33.2,,43.1,,,,1883,,,,,,,,1인분,양식
해산물토마토리조또,양식요리,736,,55.2,27.8,,66.2,,,,1078,,,,,,,,1인분,양식
샤프란리조또,양식요리,682,,51.0,16.5,,82.4,,,,2104,,,,,,,,1인분,양식
바비큐샌드위치,양식요리,543,,36.3,25.0,,43.2,,,,1892,,,,,,,,1인분,양식
광어초밥,일식요리,475,,25.6,21.0,,45.9,,,,843,,,,,,,,1인분,일식
연어초밥,일식요리,545,,33.0,24.7,,47.7,,,,1142,,,,,,,,1인분,일식
참치초밥,일식요리,648,,27.8,16.1,,98.0,,,,1865,,,,,,,,1인분,일식
찐새우초밥,일식요리,455,,19.3,16.8,,56.6,,,,2149,,,,,,,,1인분,일식
생새우초밥,일식요리,480,,19.9,13.1,,70.6,,,,2124,,,,,,,,1인분,일식
간장새우초밥,일식요리,535,,37.4,13.4,,66.2,,,,1680,,,,,,,,1인분,일식
장어초밥,일식요리,564,,45.3,18.5,,54.1,,,,1871,,,,,,,,1인분,일식
문어초밥,일식요리,403,,23.7,16.2,,40.6,,,,1297,,,,,,,,1인분,일식
가리비초밥,일식요리,680,,35.1,14.8,,101.6,,,,838,,,,,,,,1인분,일식
한치초밥,일식요리,649,,37.4,19.2,,81.6,,,,1438,,,,,,,,1인분,일식
계란초밥,일식요리,410,,25.2,10.3,,54.1,,,,1948,,,,,,,,1인분,일식
유부초밥,일식요리,471,,18.7,18.9,,56.5,,,,1676,,,,,,,,1인분,일식
참치타다끼초밥,일식요리,757,,38.2,31.4,,80.4,,,,610,,,,,,,,1인분,일식
와규초밥,일식요리,786,,49.9,36.0,,65.6,,,,1618,,,,,,,,1인분,일식
성게알(우니)초밥,일식요리,684,,55.0,28.5,,51.9,,,,1502,,,,,,,,1인분,일식
연어알초밥,일식요리,508,,35.9,21.0,,43.8,,,,1818,,,,,,,,1인분,일식
날치알군함,일식요리,775,,40.9,30.5,,84.2,,,,1074,,,,,,,,1인분,일식
타코와사비군함,일식요리,430,,18.3,20.4,,43.3,,,,1033,,,,,,,,1인분,일식
모듬초밥,일식요리,403,,32.0,9.1,,48.3,,,,418,,,,,,,,1인분,일식
특선초밥,일식요리,747,,61.1,26.9,,65.1,,,,652,,,,,,,,1인분,일식
후토마끼,일식요리,659,,37.1,28.2,,64.2,,,,2039,,,,,,,,1인분,일식
캘리포니아롤,일식요리,783,,33.6,27.6,,100.1,,,,2072,,,,,,,,1인분,일식
연어롤,일식요리,600,,50.5,13.8,,68.4,,,,1878,,,,,,,,1인분,일식
새우튀김롤,일식요리,668,,39.2,29.7,,61.0,,,,730,,,,,,,,1인분,일식
치즈롤,일식요리,519,,44.4,19.6,,41.2,,,,1212,,,,,,,,1인분,일식
돈카츠,일식요리,557,,37.7,15.0,,67.8,,,,1419,,,,,,,,1인분,일식
치즈카츠,일식요리,512,,30.1,25.5,,40.5,,,,1811,,,,,,,,1인분,일식
히레카츠,일식요리,585,,44.3,13.2,,72.2,,,,776,,,,,,,,1인분,일식
로스카츠,일식요리,699,,31.2,29.8,,76.5,,,,1948,,,,,,,,1인분,일식
생선카츠,일식요리,531,,41.7,21.0,,43.8,,,,1824,,,,,,,,1인분,일식
치킨카츠,일식요리,600,,38.8,27.8,,48.6,,,,1570,,,,,,,,1인분,일식
멘치카츠,일식요리,627,,45.0,19.0,,69.0,,,,1610,,,,,,,,1인분,일식
규카츠,일식요리,781,,55.4,32.8,,66.0,,,,1006,,,,,,,,1인분,일식
텐동,일식요리,698,,58.3,23.4,,63.6,,,,961,,,,,,,,1인분,일식
가츠동,일식요리,407,,17.6,9.5,,62.8,,,,556,,,,,,,,1인분,일식
에비동,일식요리,731,,48.0,29.0,,69.5,,,,2191,,,,,,,,1인분,일식
규동,일식요리,552,,39.8,23.5,,45.3,,,,657,,,,,,,,1인분,일식
오야코동,일식요리,638,,28.5,13.8,,100.0,,,,2064,,,,,,,,1인분,일식
사케동,일식요리,627,,54.1,24.8,,46.8,,,,2124,,,,,,,,1인분,일식
참치회덮밥,일식요리,634,,43.9,27.4,,53.0,,,,1356,,,,,,,,1인분,일식
스테이크덮밥,일식요리,439,,22.5,7.3,,70.8,,,,598,,,,,,,,1인분,일식
간장새우덮밥,일식요리,696,,27.9,17.3,,107.2,,,,1671,,,,,,,,1인분,일식
명란아보카도덮밥,일식요리,561,,34.7,25.4,,48.4,,,,405,,,,,,,,1인분,일식
지라시스시,일식요리,773,,45.2,38.2,,62.1,,,,541,,,,,,,,1인분,일식
판모밀,일식요리,520,,45.3,14.4,,52.3,,,,1139,,,,,,,,1인분,일식
냉모밀,일식요리,609,,39.1,24.4,,58.3,,,,2077,,,,,,,,1인분,일식
온메밀,일식요리,779,,40.6,24.3,,99.5,,,,1931,,,,,,,,1인분,일식
비빔메밀,일식요리,464,,22.6,12.9,,64.4,,,,1750,,,,,,,,1인분,일식
키츠네우동,일식요리,600,,44.7,21.7,,56.5,,,,1600,,,,,,,,1인분,일식
튀김우동,일식요리,726,,37.9,31.7,,72.3,,,,1378,,,,,,,,1인분,일식
김치우동,일식요리,738,,34.0,18.9,,108.0,,,,728,,,,,,,,1인분,일식
야끼우동,일식요리,524,,44.3,17.1,,48.2,,,,1437,,,,,,,,1인분,일식
카레우동,일식요리,790,,32.1,33.0,,91.2,,,,449,,,,,,,,1인분,일식
냉우동,일식요리,708,,38.1,32.7,,65.3,,,,1614,,,,,,,,1인분,일식
돈코츠라멘,일식요리,457,,25.9,19.6,,44.2,,,,1222,,,,,,,,1인분,일식
소유라멘,일식요리,708,,42.9,14.6,,101.2,,,,1660,,,,,,,,1인분,일식
미소라멘,일식요리,796,,33.8,29.6,,98.6,,,,1966,,,,,,,,1인분,일식
시오라멘,일식요리,682,,53.8,30.3,,48.5,,,,1984,,,,,,,,1인분,일식
탄탄멘(일식),일식요리,679,,26.7,14.9,,109.5,,,,1263,,,,,,,,1인분,일식
츠케멘,일식요리,539,,40.7,13.1,,64.6,,,,1062,,,,,,,,1인분,일식
마제소바,일식요리,418,,30.5,10.5,,50.4,,,,1248,,,,,,,,1인분,일식
야끼소바,일식요리,628,,42.9,30.1,,46.4,,,,1750,,,,,,,,1인분,일식
오코노미야끼,일식요리,537,,21.3,16.7,,75.4,,,,1841,,,,,,,,1인분,일식
타코야끼,일식요리,676,,47.2,29.6,,55.2,,,,1913,,,,,,,,1인분,일식
스키야키,일식요리,587,,24.2,27.1,,61.6,,,,2047,,,,,,,,1인분,일식
샤브샤브(일식),일식요리,741,,44.3,31.9,,69.2,,,,850,,,,,,,,1인분,일식
밀푀유나베,일식요리,512,,28.1,10.3,,76.7,,,,1137,,,,,,,,1인분,일식
창코나베,일식요리,686,,35.8,15.7,,100.4,,,,2092,,,,,,,,1인분,일식
오뎅나베,일식요리,604,,43.3,11.0,,83.0,,,,737,,,,,,,,1인분,일식
모츠나베,일식요리,485,,33.9,21.6,,38.7,,,,1236,,,,,,,,1인분,일식
야키토리,일식요리,480,,27.7,11.2,,67.1,,,,2030,,,,,,,,1인분,일식
쯔쿠네,일식요리,622,,39.3,23.1,,64.2,,,,1337,,,,,,,,1인분,일식
닭날개구이,일식요리,752,,60.3,22.6,,76.8,,,,2099,,,,,,,,1인분,일식
메로구이,일식요리,668,,52.9,22.8,,62.8,,,,1619,,,,,,,,1인분,일식
연어머리구이,일식요리,742,,48.9,18.1,,95.9,,,,1200,,,,,,,,1인분,일식
시바아게,일식요리,770,,45.2,30.3,,79.1,,,,958,,,,,,,,1인분,일식
치킨가라아게,일식요리,629,,45.7,20.2,,66.1,,,,1340,,,,,,,,1인분,일식
문어가라아게,일식요리,641,,44.8,15.8,,79.9,,,,306,,,,,,,,1인분,일식
에비후라이,일식요리,567,,35.9,22.0,,56.4,,,,1451,,,,,,,,1인분,일식
굴튀김,일식요리,403,,16.2,12.2,,57.1,,,,1995,,,,,,,,1인분,일식
감자고로케,일식요리,672,,47.6,17.3,,81.5,,,,1153,,,,,,,,1인분,일식
카레고로케,일식요리,445,,25.4,14.6,,53.0,,,,1352,,,,,,,,1인분,일식
아게다시도부,일식요리,514,,29.3,9.4,,78.0,,,,1062,,,,,,,,1인분,일식
차완무시,일식요리,704,,54.8,19.3,,77.8,,,,2155,,,,,,,,1인분,일식
미소시루,일식요리,473,,22.8,16.4,,58.6,,,,1981,,,,,,,,1인분,일식
낫또,일식요리,474,,23.1,17.3,,56.5,,,,2086,,,,,,,,1인분,일식
타코와사비,일식요리,473,,30.2,21.1,,40.6,,,,817,,,,,,,,1인분,일식
모듬사시미,일식요리,713,,40.7,30.7,,68.5,,,,1108,,,,,,,,1인분,일식
연어사시미,일식요리,775,,41.4,15.7,,117.0,,,,1677,,,,,,,,1인분,일식
참치사시미,일식요리,419,,36.4,12.0,,41.3,,,,786,,,,,,,,1인분,일식
우니한판,일식요리,617,,41.6,27.8,,50.1,,,,1265,,,,,,,,1인분,일식
고등어초절임(시메사바),일식요리,651,,27.7,25.8,,77.0,,,,2053,,,,,,,,1인분,일식
도미머리조림,일식요리,662,,28.4,24.4,,82.2,,,,301,,,,,,,,1인분,일식
일식계란말이,일식요리,455,,18.4,19.5,,51.5,,,,1155,,,,,,,,1인분,일식
오이탕탕이(일식),일식요리,673,,45.6,31.2,,52.4,,,,1831,,,,,,,,1인분,일식
명란구이,일식요리,735,,45.5,17.8,,98.2,,,,1835,,,,,,,,1인분,일식
은행구이,일식요리,629,,40.1,29.3,,51.2,,,,1350,,,,,,,,1인분,일식
시샤모구이,일식요리,613,,27.1,27.9,,63.4,,,,651,,,,,,,,1인분,일식
오니기리,일식요리,530,,45.6,24.6,,31.6,,,,1224,,,,,,,,1인분,일식
회무침(일식),일식요리,748,,41.6,13.0,,116.2,,,,1855,,,,,,,,1인분,일식
